레포지토리,태그,릴리스명,생성일,배포일,생성일(ISO),배포일(ISO),배포년도,배포월,배포일,요일(0-6),주말여부,초안여부,프리릴리스여부,릴리스노트 길이,릴리스노트 존재여부,생성일로부터 배포까지 일수
daangn/stackflow,@stackflow/react-ui-core@1.3.2,@stackflow/react-ui-core@1.3.2,5/29/2025,5/29/2025,2025-05-29T08:08:55.000Z,2025-05-29T08:08:59.000Z,2025,5,29,4,false,false,false,100,true,0
daangn/stackflow,@stackflow/plugin-basic-ui@1.14.2,@stackflow/plugin-basic-ui@1.14.2,5/29/2025,5/29/2025,2025-05-29T08:08:55.000Z,2025-05-29T08:08:56.000Z,2025,5,29,4,false,false,false,148,true,0
daangn/stackflow,@stackflow/react-ui-core@1.3.1,@stackflow/react-ui-core@1.3.1,5/15/2025,5/15/2025,2025-05-15T09:07:58.000Z,2025-05-15T09:08:02.000Z,2025,5,15,4,false,false,false,85,true,0
daangn/stackflow,@stackflow/plugin-basic-ui@1.14.1,@stackflow/plugin-basic-ui@1.14.1,5/15/2025,5/15/2025,2025-05-15T09:07:58.000Z,2025-05-15T09:07:59.000Z,2025,5,15,4,false,false,false,196,true,0
daangn/stackflow,@stackflow/react@1.5.2,@stackflow/react@1.5.2,5/12/2025,5/12/2025,2025-05-12T07:52:16.000Z,2025-05-12T07:52:17.000Z,2025,5,12,1,false,false,false,71,true,0
daangn/stackflow,@stackflow/react-ui-core@1.3.0,@stackflow/react-ui-core@1.3.0,4/9/2025,4/9/2025,2025-04-09T10:08:18.000Z,2025-04-09T10:08:22.000Z,2025,4,9,3,false,false,false,120,true,0
daangn/stackflow,@stackflow/plugin-basic-ui@1.14.0,@stackflow/plugin-basic-ui@1.14.0,4/9/2025,4/9/2025,2025-04-09T10:08:18.000Z,2025-04-09T10:08:19.000Z,2025,4,9,3,false,false,false,214,true,0
daangn/stackflow,@stackflow/react-ui-core@1.2.3,@stackflow/react-ui-core@1.2.3,3/27/2025,3/27/2025,2025-03-27T06:55:21.000Z,2025-03-27T06:55:24.000Z,2025,3,27,4,false,false,false,76,true,0
daangn/stackflow,@stackflow/plugin-basic-ui@1.13.1,@stackflow/plugin-basic-ui@1.13.1,3/27/2025,3/27/2025,2025-03-27T06:55:21.000Z,2025-03-27T06:55:22.000Z,2025,3,27,4,false,false,false,150,true,0
daangn/stackflow,@stackflow/react-ui-core@1.2.2,@stackflow/react-ui-core@1.2.2,3/14/2025,3/14/2025,2025-03-14T06:58:30.000Z,2025-03-14T06:58:35.000Z,2025,3,14,5,false,false,false,109,true,0
daangn/stackflow,@stackflow/plugin-basic-ui@1.13.0,@stackflow/plugin-basic-ui@1.13.0,3/14/2025,3/14/2025,2025-03-14T06:58:30.000Z,2025-03-14T06:58:32.000Z,2025,3,14,5,false,false,false,354,true,0
daangn/stackflow,@stackflow/react@1.5.1,@stackflow/react@1.5.1,2/24/2025,2/24/2025,2025-02-24T11:45:05.000Z,2025-02-24T11:45:06.000Z,2025,2,24,1,false,false,false,99,true,0
daangn/stackflow,@stackflow/react@1.5.0,@stackflow/react@1.5.0,2/14/2025,2/14/2025,2025-02-14T02:06:53.000Z,2025-02-14T02:06:57.000Z,2025,2,14,5,false,false,false,434,true,0
daangn/stackflow,@stackflow/plugin-basic-ui@1.12.0,@stackflow/plugin-basic-ui@1.12.0,2/14/2025,2/14/2025,2025-02-14T02:06:53.000Z,2025-02-14T02:07:00.000Z,2025,2,14,5,false,false,false,267,true,0
daangn/stackflow,@stackflow/core@1.2.0,@stackflow/core@1.2.0,2/14/2025,2/14/2025,2025-02-14T02:06:53.000Z,2025-02-14T02:06:54.000Z,2025,2,14,5,false,false,false,235,true,0
daangn/stackflow,@stackflow/react@1.4.2,@stackflow/react@1.4.2,1/22/2025,1/22/2025,2025-01-22T12:13:06.000Z,2025-01-22T12:13:17.000Z,2025,1,22,3,false,false,false,103,true,0
daangn/stackflow,@stackflow/plugin-history-sync@1.7.1,@stackflow/plugin-history-sync@1.7.1,1/22/2025,1/22/2025,2025-01-22T12:13:06.000Z,2025-01-22T12:13:19.000Z,2025,1,22,3,false,false,false,103,true,0
daangn/stackflow,@stackflow/link@1.6.1,@stackflow/link@1.6.1,1/22/2025,1/22/2025,2025-01-22T12:13:06.000Z,2025-01-22T12:13:13.000Z,2025,1,22,3,false,false,false,103,true,0
daangn/stackflow,@stackflow/core@1.1.1,@stackflow/core@1.1.1,1/22/2025,1/22/2025,2025-01-22T12:13:06.000Z,2025-01-22T12:13:10.000Z,2025,1,22,3,false,false,false,82,true,0
daangn/stackflow,@stackflow/config@1.2.1,@stackflow/config@1.2.1,1/22/2025,1/22/2025,2025-01-22T12:13:06.000Z,2025-01-22T12:13:08.000Z,2025,1,22,3,false,false,false,103,true,0
daangn/stackflow,@stackflow/react-ui-core@1.2.1,@stackflow/react-ui-core@1.2.1,12/18/2024,12/18/2024,2024-12-18T12:25:59.000Z,2024-12-18T12:26:00.000Z,2024,12,18,3,false,false,false,167,true,0
daangn/stackflow,@stackflow/react-ui-core@1.2.0,@stackflow/react-ui-core@1.2.0,12/18/2024,12/18/2024,2024-12-18T07:57:51.000Z,2024-12-18T07:57:55.000Z,2024,12,18,3,false,false,false,133,true,0
daangn/stackflow,@stackflow/plugin-basic-ui@1.11.1,@stackflow/plugin-basic-ui@1.11.1,12/18/2024,12/18/2024,2024-12-18T14:29:35.000Z,2024-12-18T14:29:36.000Z,2024,12,18,3,false,false,false,88,true,0
daangn/stackflow,@stackflow/plugin-basic-ui@1.11.0,@stackflow/plugin-basic-ui@1.11.0,12/18/2024,12/18/2024,2024-12-18T07:57:51.000Z,2024-12-18T07:57:52.000Z,2024,12,18,3,false,false,false,274,true,0
daangn/stackflow,@stackflow/plugin-basic-ui@1.10.1,@stackflow/plugin-basic-ui@1.10.1,11/19/2024,11/19/2024,2024-11-19T10:39:00.000Z,2024-11-19T10:39:01.000Z,2024,11,19,2,false,false,false,153,true,0
daangn/stackflow,@stackflow/link@1.6.0,@stackflow/link@1.6.0,11/8/2024,11/8/2024,2024-11-08T01:57:25.000Z,2024-11-08T01:57:26.000Z,2024,11,8,5,false,false,false,79,true,0
daangn/stackflow,@stackflow/react@1.4.1,@stackflow/react@1.4.1,10/23/2024,10/23/2024,2024-10-23T05:42:14.000Z,2024-10-23T05:42:16.000Z,2024,10,23,3,false,false,false,115,true,0
daangn/stackflow,@stackflow/react@1.4.0,@stackflow/react@1.4.0,9/26/2024,9/26/2024,2024-09-26T06:24:47.000Z,2024-09-26T06:24:57.000Z,2024,9,26,4,false,false,false,121,true,0
daangn/stackflow,@stackflow/plugin-preload@1.4.3,@stackflow/plugin-preload@1.4.3,9/26/2024,9/26/2024,2024-09-26T06:24:47.000Z,2024-09-26T06:25:00.000Z,2024,9,26,4,false,false,false,1,true,0
daangn/stackflow,@stackflow/plugin-history-sync@1.7.0,@stackflow/plugin-history-sync@1.7.0,9/26/2024,9/26/2024,2024-09-26T06:24:47.000Z,2024-09-26T06:24:51.000Z,2024,9,26,4,false,false,false,162,true,0
daangn/stackflow,@stackflow/link@1.5.0,@stackflow/link@1.5.0,9/26/2024,9/26/2024,2024-09-26T06:24:47.000Z,2024-09-26T06:24:54.000Z,2024,9,26,4,false,false,false,121,true,0
daangn/stackflow,@stackflow/config@1.2.0,@stackflow/config@1.2.0,9/26/2024,9/26/2024,2024-09-26T06:24:47.000Z,2024-09-26T06:24:48.000Z,2024,9,26,4,false,false,false,121,true,0
daangn/stackflow,@stackflow/plugin-basic-ui@1.10.0,@stackflow/plugin-basic-ui@1.10.0,9/11/2024,9/11/2024,2024-09-11T07:08:35.000Z,2024-09-11T07:08:36.000Z,2024,9,11,3,false,false,false,103,true,0
daangn/stackflow,@stackflow/react@1.3.2,@stackflow/react@1.3.2,9/3/2024,9/3/2024,2024-09-03T05:28:32.000Z,2024-09-03T05:29:01.000Z,2024,9,3,2,false,false,false,233,true,0
daangn/stackflow,@stackflow/react-ui-core@1.1.2,@stackflow/react-ui-core@1.1.2,9/3/2024,9/3/2024,2024-09-03T05:28:32.000Z,2024-09-03T05:28:55.000Z,2024,9,3,2,false,false,false,1,true,0
daangn/stackflow,@stackflow/plugin-renderer-web@1.1.13,@stackflow/plugin-renderer-web@1.1.13,9/3/2024,9/3/2024,2024-09-03T05:28:32.000Z,2024-09-03T05:28:57.000Z,2024,9,3,2,false,false,false,1,true,0
daangn/stackflow,@stackflow/plugin-renderer-basic@1.1.13,@stackflow/plugin-renderer-basic@1.1.13,9/3/2024,9/3/2024,2024-09-03T05:28:32.000Z,2024-09-03T05:28:52.000Z,2024,9,3,2,false,false,false,1,true,0
daangn/stackflow,@stackflow/plugin-preload@1.4.2,@stackflow/plugin-preload@1.4.2,9/3/2024,9/3/2024,2024-09-03T05:28:32.000Z,2024-09-03T05:28:48.000Z,2024,9,3,2,false,false,false,1,true,0
daangn/stackflow,@stackflow/plugin-map-initial-activity@1.0.11,@stackflow/plugin-map-initial-activity@1.0.11,9/3/2024,9/3/2024,2024-09-03T05:28:32.000Z,2024-09-03T05:28:46.000Z,2024,9,3,2,false,false,false,1,true,0
daangn/stackflow,@stackflow/plugin-google-analytics-4@1.1.15,@stackflow/plugin-google-analytics-4@1.1.15,9/3/2024,9/3/2024,2024-09-03T05:28:32.000Z,2024-09-03T05:28:42.000Z,2024,9,3,2,false,false,false,1,true,0
daangn/stackflow,@stackflow/plugin-basic-ui@1.9.2,@stackflow/plugin-basic-ui@1.9.2,9/3/2024,9/3/2024,2024-09-03T05:28:32.000Z,2024-09-03T05:28:39.000Z,2024,9,3,2,false,false,false,54,true,0
daangn/stackflow,@stackflow/link@1.4.5,@stackflow/link@1.4.5,9/3/2024,9/3/2024,2024-09-03T05:28:32.000Z,2024-09-03T05:28:36.000Z,2024,9,3,2,false,false,false,1,true,0
daangn/stackflow,@stackflow/compat-await-push@1.1.13,@stackflow/compat-await-push@1.1.13,9/3/2024,9/3/2024,2024-09-03T05:28:32.000Z,2024-09-03T05:28:34.000Z,2024,9,3,2,false,false,false,1,true,0
daangn/stackflow,@stackflow/plugin-history-sync@1.6.3,@stackflow/plugin-history-sync@1.6.3,8/21/2024,8/21/2024,2024-08-21T06:44:28.000Z,2024-08-21T06:44:29.000Z,2024,8,21,3,false,false,false,105,true,0
daangn/stackflow,@stackflow/react@1.3.1,@stackflow/react@1.3.1,8/14/2024,8/14/2024,2024-08-14T06:44:05.000Z,2024-08-14T06:44:07.000Z,2024,8,14,3,false,false,false,83,true,0
daangn/stackflow,@stackflow/react@1.3.0,@stackflow/react@1.3.0,8/14/2024,8/14/2024,2024-08-14T05:38:36.000Z,2024-08-14T05:39:17.000Z,2024,8,14,3,false,false,false,170,true,0
daangn/stackflow,@stackflow/react-ui-core@1.1.1,@stackflow/react-ui-core@1.1.1,8/14/2024,8/14/2024,2024-08-14T05:38:36.000Z,2024-08-14T05:39:11.000Z,2024,8,14,3,false,false,false,1,true,0
daangn/stackflow,@stackflow/plugin-stack-depth-change@1.1.5,@stackflow/plugin-stack-depth-change@1.1.5,8/14/2024,8/14/2024,2024-08-14T05:38:36.000Z,2024-08-14T05:39:14.000Z,2024,8,14,3,false,false,false,1,true,0
daangn/stackflow,@stackflow/plugin-renderer-web@1.1.12,@stackflow/plugin-renderer-web@1.1.12,8/14/2024,8/14/2024,2024-08-14T05:38:36.000Z,2024-08-14T05:39:08.000Z,2024,8,14,3,false,false,false,1,true,0
daangn/stackflow,@stackflow/plugin-renderer-basic@1.1.12,@stackflow/plugin-renderer-basic@1.1.12,8/14/2024,8/14/2024,2024-08-14T05:38:36.000Z,2024-08-14T05:39:05.000Z,2024,8,14,3,false,false,false,1,true,0
daangn/stackflow,@stackflow/plugin-preload@1.4.1,@stackflow/plugin-preload@1.4.1,8/14/2024,8/14/2024,2024-08-14T05:38:36.000Z,2024-08-14T05:38:59.000Z,2024,8,14,3,false,false,false,1,true,0
daangn/stackflow,@stackflow/plugin-map-initial-activity@1.0.10,@stackflow/plugin-map-initial-activity@1.0.10,8/14/2024,8/14/2024,2024-08-14T05:38:36.000Z,2024-08-14T05:38:55.000Z,2024,8,14,3,false,false,false,1,true,0
daangn/stackflow,@stackflow/plugin-history-sync@1.6.2,@stackflow/plugin-history-sync@1.6.2,8/14/2024,8/14/2024,2024-08-14T05:38:36.000Z,2024-08-14T05:39:02.000Z,2024,8,14,3,false,false,false,1,true,0
daangn/stackflow,@stackflow/plugin-google-analytics-4@1.1.14,@stackflow/plugin-google-analytics-4@1.1.14,8/14/2024,8/14/2024,2024-08-14T05:38:36.000Z,2024-08-14T05:38:52.000Z,2024,8,14,3,false,false,false,1,true,0
daangn/stackflow,@stackflow/plugin-devtools@0.1.11,@stackflow/plugin-devtools@0.1.11,8/14/2024,8/14/2024,2024-08-14T05:38:36.000Z,2024-08-14T05:38:50.000Z,2024,8,14,3,false,false,false,1,true,0
daangn/stackflow,@stackflow/plugin-basic-ui@1.9.1,@stackflow/plugin-basic-ui@1.9.1,8/14/2024,8/14/2024,2024-08-14T05:38:36.000Z,2024-08-14T05:38:46.000Z,2024,8,14,3,false,false,false,54,true,0
daangn/stackflow,@stackflow/link@1.4.4,@stackflow/link@1.4.4,8/14/2024,8/14/2024,2024-08-14T05:38:36.000Z,2024-08-14T05:38:43.000Z,2024,8,14,3,false,false,false,1,true,0
daangn/stackflow,@stackflow/core@1.1.0,@stackflow/core@1.1.0,8/14/2024,8/14/2024,2024-08-14T05:38:36.000Z,2024-08-14T05:38:38.000Z,2024,8,14,3,false,false,false,80,true,0
daangn/stackflow,@stackflow/compat-await-push@1.1.12,@stackflow/compat-await-push@1.1.12,8/14/2024,8/14/2024,2024-08-14T05:38:36.000Z,2024-08-14T05:38:40.000Z,2024,8,14,3,false,false,false,1,true,0
daangn/stackflow,@stackflow/react@1.2.2,@stackflow/react@1.2.2,8/8/2024,8/8/2024,2024-08-08T02:42:04.000Z,2024-08-08T02:42:12.000Z,2024,8,8,4,false,false,false,100,true,0
daangn/stackflow,@stackflow/react-ui-core@1.1.0,@stackflow/react-ui-core@1.1.0,8/8/2024,8/8/2024,2024-08-08T02:42:04.000Z,2024-08-08T02:42:09.000Z,2024,8,8,4,false,false,false,97,true,0
daangn/stackflow,@stackflow/plugin-history-sync@1.6.1,@stackflow/plugin-history-sync@1.6.1,8/8/2024,8/8/2024,2024-08-08T03:53:09.000Z,2024-08-08T03:53:13.000Z,2024,8,8,4,false,false,false,95,true,0
daangn/stackflow,@stackflow/plugin-basic-ui@1.9.0,@stackflow/plugin-basic-ui@1.9.0,8/8/2024,8/8/2024,2024-08-08T02:42:04.000Z,2024-08-08T02:42:06.000Z,2024,8,8,4,false,false,false,191,true,0
daangn/stackflow,@stackflow/core@1.0.14,@stackflow/core@1.0.14,8/8/2024,8/8/2024,2024-08-08T03:53:09.000Z,2024-08-08T03:53:10.000Z,2024,8,8,4,false,false,false,95,true,0
daangn/stackflow,@stackflow/plugin-preload@1.4.0,@stackflow/plugin-preload@1.4.0,8/2/2024,8/2/2024,2024-08-02T01:22:01.000Z,2024-08-02T01:22:05.000Z,2024,8,2,5,false,false,false,119,true,0
daangn/stackflow,@stackflow/plugin-basic-ui@1.8.4,@stackflow/plugin-basic-ui@1.8.4,8/2/2024,8/2/2024,2024-08-02T01:22:01.000Z,2024-08-02T01:22:03.000Z,2024,8,2,5,false,false,false,106,true,0
daangn/stackflow,@stackflow/react@1.2.1,@stackflow/react@1.2.1,7/31/2024,7/31/2024,2024-07-31T12:47:27.000Z,2024-07-31T12:47:28.000Z,2024,7,31,3,false,false,false,80,true,0
daangn/stackflow,@stackflow/react@1.2.0,@stackflow/react@1.2.0,7/31/2024,7/31/2024,2024-07-31T10:06:34.000Z,2024-07-31T10:07:05.000Z,2024,7,31,3,false,false,false,286,true,0
daangn/stackflow,@stackflow/plugin-renderer-web@1.1.11,@stackflow/plugin-renderer-web@1.1.11,7/31/2024,7/31/2024,2024-07-31T10:06:34.000Z,2024-07-31T10:07:02.000Z,2024,7,31,3,false,false,false,1,true,0
daangn/stackflow,@stackflow/plugin-renderer-basic@1.1.11,@stackflow/plugin-renderer-basic@1.1.11,7/31/2024,7/31/2024,2024-07-31T10:06:34.000Z,2024-07-31T10:06:59.000Z,2024,7,31,3,false,false,false,1,true,0
daangn/stackflow,@stackflow/plugin-preload@1.3.3,@stackflow/plugin-preload@1.3.3,7/31/2024,7/31/2024,2024-07-31T10:06:34.000Z,2024-07-31T10:06:56.000Z,2024,7,31,3,false,false,false,169,true,0
daangn/stackflow,@stackflow/plugin-map-initial-activity@1.0.9,@stackflow/plugin-map-initial-activity@1.0.9,7/31/2024,7/31/2024,2024-07-31T10:06:34.000Z,2024-07-31T10:06:53.000Z,2024,7,31,3,false,false,false,1,true,0
daangn/stackflow,@stackflow/plugin-history-sync@1.6.0,@stackflow/plugin-history-sync@1.6.0,7/31/2024,7/31/2024,2024-07-31T10:06:34.000Z,2024-07-31T10:06:50.000Z,2024,7,31,3,false,false,false,203,true,0
daangn/stackflow,@stackflow/plugin-google-analytics-4@1.1.13,@stackflow/plugin-google-analytics-4@1.1.13,7/31/2024,7/31/2024,2024-07-31T10:06:34.000Z,2024-07-31T10:06:47.000Z,2024,7,31,3,false,false,false,1,true,0
daangn/stackflow,@stackflow/plugin-basic-ui@1.8.3,@stackflow/plugin-basic-ui@1.8.3,7/31/2024,7/31/2024,2024-07-31T10:06:34.000Z,2024-07-31T10:06:44.000Z,2024,7,31,3,false,false,false,1,true,0
daangn/stackflow,@stackflow/link@1.4.3,@stackflow/link@1.4.3,7/31/2024,7/31/2024,2024-07-31T10:06:34.000Z,2024-07-31T10:06:41.000Z,2024,7,31,3,false,false,false,1,true,0
daangn/stackflow,@stackflow/config@1.1.0,@stackflow/config@1.1.0,7/31/2024,7/31/2024,2024-07-31T10:06:34.000Z,2024-07-31T10:06:38.000Z,2024,7,31,3,false,false,false,153,true,0
daangn/stackflow,@stackflow/compat-await-push@1.1.11,@stackflow/compat-await-push@1.1.11,7/31/2024,7/31/2024,2024-07-31T10:06:34.000Z,2024-07-31T10:06:35.000Z,2024,7,31,3,false,false,false,1,true,0
daangn/stackflow,@stackflow/react@1.1.11,@stackflow/react@1.1.11,7/25/2024,7/25/2024,2024-07-25T08:36:39.000Z,2024-07-25T08:37:17.000Z,2024,7,25,4,false,false,false,63,true,0
daangn/stackflow,@stackflow/plugin-stack-depth-change@1.1.4,@stackflow/plugin-stack-depth-change@1.1.4,7/25/2024,7/25/2024,2024-07-25T08:36:39.000Z,2024-07-25T08:37:11.000Z,2024,7,25,4,false,false,false,63,true,0
daangn/stackflow,@stackflow/plugin-renderer-web@1.1.10,@stackflow/plugin-renderer-web@1.1.10,7/25/2024,7/25/2024,2024-07-25T08:36:39.000Z,2024-07-25T08:37:08.000Z,2024,7,25,4,false,false,false,63,true,0
daangn/stackflow,@stackflow/plugin-renderer-basic@1.1.10,@stackflow/plugin-renderer-basic@1.1.10,7/25/2024,7/25/2024,2024-07-25T08:36:39.000Z,2024-07-25T08:37:14.000Z,2024,7,25,4,false,false,false,63,true,0
daangn/stackflow,@stackflow/plugin-preload@1.3.2,@stackflow/plugin-preload@1.3.2,7/25/2024,7/25/2024,2024-07-25T08:36:39.000Z,2024-07-25T08:37:05.000Z,2024,7,25,4,false,false,false,143,true,0
daangn/stackflow,@stackflow/plugin-map-initial-activity@1.0.8,@stackflow/plugin-map-initial-activity@1.0.8,7/25/2024,7/25/2024,2024-07-25T08:36:39.000Z,2024-07-25T08:37:02.000Z,2024,7,25,4,false,false,false,63,true,0
daangn/stackflow,@stackflow/plugin-history-sync@1.5.4,@stackflow/plugin-history-sync@1.5.4,7/25/2024,7/25/2024,2024-07-25T08:36:39.000Z,2024-07-25T08:36:59.000Z,2024,7,25,4,false,false,false,63,true,0
daangn/stackflow,@stackflow/plugin-google-analytics-4@1.1.12,@stackflow/plugin-google-analytics-4@1.1.12,7/25/2024,7/25/2024,2024-07-25T08:36:39.000Z,2024-07-25T08:36:53.000Z,2024,7,25,4,false,false,false,63,true,0
daangn/stackflow,@stackflow/plugin-devtools@0.1.10,@stackflow/plugin-devtools@0.1.10,7/25/2024,7/25/2024,2024-07-25T08:36:39.000Z,2024-07-25T08:36:56.000Z,2024,7,25,4,false,false,false,63,true,0
daangn/stackflow,@stackflow/plugin-basic-ui@1.8.2,@stackflow/plugin-basic-ui@1.8.2,7/25/2024,7/25/2024,2024-07-25T08:36:39.000Z,2024-07-25T08:36:47.000Z,2024,7,25,4,false,false,false,63,true,0
daangn/stackflow,@stackflow/link@1.4.2,@stackflow/link@1.4.2,7/25/2024,7/25/2024,2024-07-25T08:36:39.000Z,2024-07-25T08:36:44.000Z,2024,7,25,4,false,false,false,63,true,0
daangn/stackflow,@stackflow/esbuild-config@1.0.3,@stackflow/esbuild-config@1.0.3,7/25/2024,7/25/2024,2024-07-25T08:36:39.000Z,2024-07-25T08:37:20.000Z,2024,7,25,4,false,false,false,63,true,0
daangn/stackflow,@stackflow/core@1.0.13,@stackflow/core@1.0.13,7/25/2024,7/25/2024,2024-07-25T08:36:39.000Z,2024-07-25T08:36:50.000Z,2024,7,25,4,false,false,false,63,true,0
daangn/stackflow,@stackflow/compat-await-push@1.1.10,@stackflow/compat-await-push@1.1.10,7/25/2024,7/25/2024,2024-07-25T08:36:39.000Z,2024-07-25T08:36:41.000Z,2024,7,25,4,false,false,false,63,true,0
daangn/stackflow,@stackflow/plugin-basic-ui@1.8.1,@stackflow/plugin-basic-ui@1.8.1,7/24/2024,7/24/2024,2024-07-24T03:50:36.000Z,2024-07-24T03:50:38.000Z,2024,7,24,3,false,false,false,84,true,0
daangn/stackflow,@stackflow/plugin-history-sync@1.5.3,@stackflow/plugin-history-sync@1.5.3,7/23/2024,7/23/2024,2024-07-23T01:35:16.000Z,2024-07-23T01:35:18.000Z,2024,7,23,2,false,false,false,72,true,0
daangn/stackflow,@stackflow/react@1.1.10,@stackflow/react@1.1.10,7/22/2024,7/22/2024,2024-07-22T05:03:36.000Z,2024-07-22T05:04:13.000Z,2024,7,22,1,false,false,false,92,true,0
daangn/stackflow,@stackflow/plugin-stack-depth-change@1.1.3,@stackflow/plugin-stack-depth-change@1.1.3,7/22/2024,7/22/2024,2024-07-22T05:03:36.000Z,2024-07-22T05:04:10.000Z,2024,7,22,1,false,false,false,92,true,0
daangn/stackflow,@stackflow/plugin-renderer-web@1.1.9,@stackflow/plugin-renderer-web@1.1.9,7/22/2024,7/22/2024,2024-07-22T05:03:36.000Z,2024-07-22T05:04:07.000Z,2024,7,22,1,false,false,false,92,true,0
daangn/stackflow,@stackflow/plugin-renderer-basic@1.1.9,@stackflow/plugin-renderer-basic@1.1.9,7/22/2024,7/22/2024,2024-07-22T05:03:35.000Z,2024-07-22T05:04:04.000Z,2024,7,22,1,false,false,false,92,true,0
daangn/stackflow,@stackflow/plugin-preload@1.3.1,@stackflow/plugin-preload@1.3.1,7/22/2024,7/22/2024,2024-07-22T05:03:35.000Z,2024-07-22T05:04:01.000Z,2024,7,22,1,false,false,false,172,true,0
daangn/stackflow,@stackflow/plugin-map-initial-activity@1.0.7,@stackflow/plugin-map-initial-activity@1.0.7,7/22/2024,7/22/2024,2024-07-22T05:03:35.000Z,2024-07-22T05:03:55.000Z,2024,7,22,1,false,false,false,92,true,0
daangn/stackflow,@stackflow/plugin-history-sync@1.5.2,@stackflow/plugin-history-sync@1.5.2,7/22/2024,7/22/2024,2024-07-22T05:03:35.000Z,2024-07-22T05:03:58.000Z,2024,7,22,1,false,false,false,92,true,0
daangn/stackflow,@stackflow/plugin-google-analytics-4@1.1.11,@stackflow/plugin-google-analytics-4@1.1.11,7/22/2024,7/22/2024,2024-07-22T05:03:35.000Z,2024-07-22T05:03:49.000Z,2024,7,22,1,false,false,false,92,true,0
daangn/stackflow,@stackflow/plugin-devtools@0.1.9,@stackflow/plugin-devtools@0.1.9,7/22/2024,7/22/2024,2024-07-22T05:03:35.000Z,2024-07-22T05:03:52.000Z,2024,7,22,1,false,false,false,92,true,0
daangn/stackflow,@stackflow/plugin-basic-ui@1.8.0,@stackflow/plugin-basic-ui@1.8.0,7/22/2024,7/22/2024,2024-07-22T05:03:35.000Z,2024-07-22T05:03:46.000Z,2024,7,22,1,false,false,false,296,true,0
daangn/stackflow,@stackflow/link@1.4.1,@stackflow/link@1.4.1,7/22/2024,7/22/2024,2024-07-22T05:03:35.000Z,2024-07-22T05:03:43.000Z,2024,7,22,1,false,false,false,92,true,0
daangn/stackflow,@stackflow/esbuild-config@1.0.2,@stackflow/esbuild-config@1.0.2,7/22/2024,7/22/2024,2024-07-22T05:03:36.000Z,2024-07-22T05:04:16.000Z,2024,7,22,1,false,false,false,92,true,0
daangn/stackflow,@stackflow/core@1.0.12,@stackflow/core@1.0.12,7/22/2024,7/22/2024,2024-07-22T05:03:35.000Z,2024-07-22T05:03:37.000Z,2024,7,22,1,false,false,false,92,true,0
daangn/stackflow,@stackflow/compat-await-push@1.1.9,@stackflow/compat-await-push@1.1.9,7/22/2024,7/22/2024,2024-07-22T05:03:35.000Z,2024-07-22T05:03:40.000Z,2024,7,22,1,false,false,false,92,true,0
daangn/stackflow,@stackflow/plugin-history-sync@1.5.1,@stackflow/plugin-history-sync@1.5.1,7/9/2024,7/9/2024,2024-07-09T09:38:25.000Z,2024-07-09T09:38:29.000Z,2024,7,9,2,false,false,false,94,true,0
daangn/stackflow,@stackflow/core@1.0.11,@stackflow/core@1.0.11,7/9/2024,7/9/2024,2024-07-09T09:38:25.000Z,2024-07-09T09:38:26.000Z,2024,7,9,2,false,false,false,94,true,0
daangn/stackflow,@stackflow/plugin-basic-ui@1.7.0,@stackflow/plugin-basic-ui@1.7.0,5/28/2024,5/28/2024,2024-05-28T01:17:16.000Z,2024-05-28T01:17:17.000Z,2024,5,28,2,false,false,false,117,true,0
daangn/stackflow,@stackflow/react@1.1.9,@stackflow/react@1.1.9,5/24/2024,5/24/2024,2024-05-24T05:14:04.000Z,2024-05-24T05:14:04.000Z,2024,5,24,5,false,false,false,90,true,0
daangn/stackflow,@stackflow/plugin-history-sync@1.5.0,@stackflow/plugin-history-sync@1.5.0,5/22/2024,5/22/2024,2024-05-22T08:10:49.000Z,2024-05-22T08:10:53.000Z,2024,5,22,3,false,false,false,103,true,0
daangn/stackflow,@stackflow/plugin-basic-ui@1.6.0,@stackflow/plugin-basic-ui@1.6.0,5/22/2024,5/22/2024,2024-05-22T08:10:49.000Z,2024-05-22T08:10:50.000Z,2024,5,22,3,false,false,false,69,true,0
daangn/stackflow,@stackflow/react@1.1.8,@stackflow/react@1.1.8,2/13/2024,2/13/2024,2024-02-13T10:25:35.000Z,2024-02-13T10:26:03.000Z,2024,2,13,2,false,false,false,60,true,0
daangn/stackflow,@stackflow/plugin-renderer-web@1.1.8,@stackflow/plugin-renderer-web@1.1.8,2/13/2024,2/13/2024,2024-02-13T10:25:35.000Z,2024-02-13T10:26:01.000Z,2024,2,13,2,false,false,false,1,true,0
daangn/stackflow,@stackflow/plugin-renderer-basic@1.1.8,@stackflow/plugin-renderer-basic@1.1.8,2/13/2024,2/13/2024,2024-02-13T10:25:35.000Z,2024-02-13T10:25:58.000Z,2024,2,13,2,false,false,false,1,true,0
daangn/stackflow,@stackflow/plugin-preload@1.3.0,@stackflow/plugin-preload@1.3.0,2/13/2024,2/13/2024,2024-02-13T10:25:35.000Z,2024-02-13T10:25:54.000Z,2024,2,13,2,false,false,false,334,true,0
daangn/stackflow,@stackflow/plugin-map-initial-activity@1.0.6,@stackflow/plugin-map-initial-activity@1.0.6,2/13/2024,2/13/2024,2024-02-13T10:25:35.000Z,2024-02-13T10:25:51.000Z,2024,2,13,2,false,false,false,1,true,0
daangn/stackflow,@stackflow/plugin-history-sync@1.4.0,@stackflow/plugin-history-sync@1.4.0,2/13/2024,2/13/2024,2024-02-13T10:25:35.000Z,2024-02-13T10:25:48.000Z,2024,2,13,2,false,false,false,242,true,0
daangn/stackflow,@stackflow/plugin-google-analytics-4@1.1.10,@stackflow/plugin-google-analytics-4@1.1.10,2/13/2024,2/13/2024,2024-02-13T10:25:35.000Z,2024-02-13T10:25:45.000Z,2024,2,13,2,false,false,false,1,true,0
daangn/stackflow,@stackflow/plugin-basic-ui@1.5.3,@stackflow/plugin-basic-ui@1.5.3,2/13/2024,2/13/2024,2024-02-13T10:25:35.000Z,2024-02-13T10:25:42.000Z,2024,2,13,2,false,false,false,1,true,0
daangn/stackflow,@stackflow/link@1.4.0,@stackflow/link@1.4.0,2/13/2024,2/13/2024,2024-02-13T10:25:35.000Z,2024-02-13T10:25:39.000Z,2024,2,13,2,false,false,false,333,true,0
daangn/stackflow,@stackflow/compat-await-push@1.1.8,@stackflow/compat-await-push@1.1.8,2/13/2024,2/13/2024,2024-02-13T10:25:35.000Z,2024-02-13T10:25:36.000Z,2024,2,13,2,false,false,false,1,true,0
daangn/stackflow,@stackflow/react@1.1.7,@stackflow/react@1.1.7,1/30/2024,1/30/2024,2024-01-30T10:12:30.000Z,2024-01-30T10:13:04.000Z,2024,1,30,2,false,false,false,236,true,0
daangn/stackflow,@stackflow/plugin-stack-depth-change@1.1.2,@stackflow/plugin-stack-depth-change@1.1.2,1/30/2024,1/30/2024,2024-01-30T10:12:30.000Z,2024-01-30T10:13:07.000Z,2024,1,30,2,false,false,false,162,true,0
daangn/stackflow,@stackflow/plugin-renderer-web@1.1.7,@stackflow/plugin-renderer-web@1.1.7,1/30/2024,1/30/2024,2024-01-30T10:12:30.000Z,2024-01-30T10:13:01.000Z,2024,1,30,2,false,false,false,193,true,0
daangn/stackflow,@stackflow/plugin-renderer-basic@1.1.7,@stackflow/plugin-renderer-basic@1.1.7,1/30/2024,1/30/2024,2024-01-30T10:12:30.000Z,2024-01-30T10:12:58.000Z,2024,1,30,2,false,false,false,193,true,0
daangn/stackflow,@stackflow/plugin-preload@1.2.15,@stackflow/plugin-preload@1.2.15,1/30/2024,1/30/2024,2024-01-30T10:12:30.000Z,2024-01-30T10:12:56.000Z,2024,1,30,2,false,false,false,239,true,0
daangn/stackflow,@stackflow/plugin-map-initial-activity@1.0.5,@stackflow/plugin-map-initial-activity@1.0.5,1/30/2024,1/30/2024,2024-01-30T10:12:30.000Z,2024-01-30T10:12:52.000Z,2024,1,30,2,false,false,false,193,true,0
daangn/stackflow,@stackflow/plugin-history-sync@1.3.18,@stackflow/plugin-history-sync@1.3.18,1/30/2024,1/30/2024,2024-01-30T10:12:30.000Z,2024-01-30T10:12:49.000Z,2024,1,30,2,false,false,false,193,true,0
daangn/stackflow,@stackflow/plugin-google-analytics-4@1.1.9,@stackflow/plugin-google-analytics-4@1.1.9,1/30/2024,1/30/2024,2024-01-30T10:12:30.000Z,2024-01-30T10:12:47.000Z,2024,1,30,2,false,false,false,193,true,0
daangn/stackflow,@stackflow/plugin-devtools@0.1.8,@stackflow/plugin-devtools@0.1.8,1/30/2024,1/30/2024,2024-01-30T10:12:30.000Z,2024-01-30T10:12:43.000Z,2024,1,30,2,false,false,false,162,true,0
daangn/stackflow,@stackflow/plugin-basic-ui@1.5.2,@stackflow/plugin-basic-ui@1.5.2,1/30/2024,1/30/2024,2024-01-30T10:12:30.000Z,2024-01-30T10:12:40.000Z,2024,1,30,2,false,false,false,193,true,0
daangn/stackflow,@stackflow/link@1.3.16,@stackflow/link@1.3.16,1/30/2024,1/30/2024,2024-01-30T10:12:30.000Z,2024-01-30T10:12:37.000Z,2024,1,30,2,false,false,false,280,true,0
daangn/stackflow,@stackflow/core@1.0.10,@stackflow/core@1.0.10,1/30/2024,1/30/2024,2024-01-30T10:12:30.000Z,2024-01-30T10:12:31.000Z,2024,1,30,2,false,false,false,133,true,0
daangn/stackflow,@stackflow/compat-await-push@1.1.7,@stackflow/compat-await-push@1.1.7,1/30/2024,1/30/2024,2024-01-30T10:12:30.000Z,2024-01-30T10:12:34.000Z,2024,1,30,2,false,false,false,193,true,0
daangn/stackflow,@stackflow/plugin-history-sync@1.3.17,@stackflow/plugin-history-sync@1.3.17,1/23/2024,1/23/2024,2024-01-22T20:16:03.000Z,2024-01-22T20:16:04.000Z,2024,1,23,2,false,false,false,88,true,0
daangn/stackflow,@stackflow/plugin-history-sync@1.3.16,@stackflow/plugin-history-sync@1.3.16,1/22/2024,1/22/2024,2024-01-22T03:48:19.000Z,2024-01-22T03:48:20.000Z,2024,1,22,1,false,false,false,96,true,0
daangn/stackflow,@stackflow/plugin-stack-depth-change@1.1.1,@stackflow/plugin-stack-depth-change@1.1.1,1/20/2024,1/20/2024,2024-01-20T12:49:48.000Z,2024-01-20T12:49:49.000Z,2024,1,20,6,true,false,false,118,true,0
daangn/stackflow,@stackflow/plugin-history-sync@1.3.15,@stackflow/plugin-history-sync@1.3.15,1/16/2024,1/16/2024,2024-01-16T14:41:54.000Z,2024-01-16T14:41:55.000Z,2024,1,16,2,false,false,false,85,true,0
daangn/stackflow,@stackflow/plugin-basic-ui@1.5.1,@stackflow/plugin-basic-ui@1.5.1,1/16/2024,1/16/2024,2024-01-16T09:26:14.000Z,2024-01-16T09:26:15.000Z,2024,1,16,2,false,false,false,89,true,0
daangn/stackflow,@stackflow/plugin-basic-ui@1.5.0,@stackflow/plugin-basic-ui@1.5.0,12/23/2023,12/23/2023,2023-12-23T14:08:04.000Z,2023-12-23T14:08:05.000Z,2023,12,23,6,true,false,false,93,true,0
daangn/stackflow,@stackflow/react@1.1.6,@stackflow/react@1.1.6,12/22/2023,12/22/2023,2023-12-22T13:48:35.000Z,2023-12-22T13:49:13.000Z,2023,12,22,5,false,false,false,131,true,0
daangn/stackflow,@stackflow/plugin-stack-depth-change@1.1.0,@stackflow/plugin-stack-depth-change@1.1.0,12/22/2023,12/22/2023,2023-12-22T13:48:35.000Z,2023-12-22T13:49:10.000Z,2023,12,22,5,false,false,false,248,true,0
daangn/stackflow,@stackflow/plugin-renderer-web@1.1.6,@stackflow/plugin-renderer-web@1.1.6,12/22/2023,12/22/2023,2023-12-22T13:48:35.000Z,2023-12-22T13:49:04.000Z,2023,12,22,5,false,false,false,162,true,0
daangn/stackflow,@stackflow/plugin-renderer-basic@1.1.6,@stackflow/plugin-renderer-basic@1.1.6,12/22/2023,12/22/2023,2023-12-22T13:48:35.000Z,2023-12-22T13:49:01.000Z,2023,12,22,5,false,false,false,162,true,0
daangn/stackflow,@stackflow/plugin-preload@1.2.14,@stackflow/plugin-preload@1.2.14,12/22/2023,12/22/2023,2023-12-22T13:48:35.000Z,2023-12-22T13:48:58.000Z,2023,12,22,5,false,false,false,208,true,0
daangn/stackflow,@stackflow/plugin-map-initial-activity@1.0.4,@stackflow/plugin-map-initial-activity@1.0.4,12/22/2023,12/22/2023,2023-12-22T13:48:35.000Z,2023-12-22T13:49:07.000Z,2023,12,22,5,false,false,false,162,true,0
daangn/stackflow,@stackflow/plugin-history-sync@1.3.14,@stackflow/plugin-history-sync@1.3.14,12/22/2023,12/22/2023,2023-12-22T13:48:35.000Z,2023-12-22T13:48:55.000Z,2023,12,22,5,false,false,false,162,true,0
daangn/stackflow,@stackflow/plugin-google-analytics-4@1.1.8,@stackflow/plugin-google-analytics-4@1.1.8,12/22/2023,12/22/2023,2023-12-22T13:48:35.000Z,2023-12-22T13:48:52.000Z,2023,12,22,5,false,false,false,162,true,0
daangn/stackflow,@stackflow/plugin-devtools@0.1.7,@stackflow/plugin-devtools@0.1.7,12/22/2023,12/22/2023,2023-12-22T13:48:35.000Z,2023-12-22T13:48:49.000Z,2023,12,22,5,false,false,false,131,true,0
daangn/stackflow,@stackflow/plugin-basic-ui@1.4.2,@stackflow/plugin-basic-ui@1.4.2,12/22/2023,12/22/2023,2023-12-22T13:48:35.000Z,2023-12-22T13:48:43.000Z,2023,12,22,5,false,false,false,162,true,0
daangn/stackflow,@stackflow/link@1.3.15,@stackflow/link@1.3.15,12/22/2023,12/22/2023,2023-12-22T13:48:35.000Z,2023-12-22T13:48:46.000Z,2023,12,22,5,false,false,false,249,true,0
daangn/stackflow,@stackflow/eslint-config@1.0.2,@stackflow/eslint-config@1.0.2,12/22/2023,12/22/2023,2023-12-22T13:48:35.000Z,2023-12-22T13:49:19.000Z,2023,12,22,5,false,false,false,65,true,0
daangn/stackflow,@stackflow/esbuild-config@1.0.1,@stackflow/esbuild-config@1.0.1,12/22/2023,12/22/2023,2023-12-22T13:48:35.000Z,2023-12-22T13:49:16.000Z,2023,12,22,5,false,false,false,65,true,0
daangn/stackflow,@stackflow/core@1.0.9,@stackflow/core@1.0.9,12/22/2023,12/22/2023,2023-12-22T13:48:35.000Z,2023-12-22T13:48:37.000Z,2023,12,22,5,false,false,false,65,true,0
daangn/stackflow,@stackflow/compat-await-push@1.1.6,@stackflow/compat-await-push@1.1.6,12/22/2023,12/22/2023,2023-12-22T13:48:35.000Z,2023-12-22T13:48:40.000Z,2023,12,22,5,false,false,false,162,true,0
daangn/stackflow,@stackflow/plugin-basic-ui@1.4.1,@stackflow/plugin-basic-ui@1.4.1,12/1/2023,12/1/2023,2023-12-01T04:16:24.000Z,2023-12-01T04:16:25.000Z,2023,12,1,5,false,false,false,89,true,0
daangn/seed-design,@seed-design/webpack-plugin@0.0.30,@seed-design/webpack-plugin@0.0.30,6/2/2025,6/2/2025,2025-06-02T10:01:42.000Z,2025-06-02T10:01:52.000Z,2025,6,2,1,false,false,false,86,true,0
daangn/seed-design,@seed-design/vite-plugin@0.0.30,@seed-design/vite-plugin@0.0.30,6/2/2025,6/2/2025,2025-06-02T10:01:42.000Z,2025-06-02T10:02:10.000Z,2025,6,2,1,false,false,false,86,true,0
daangn/seed-design,@seed-design/stackflow@0.0.30,@seed-design/stackflow@0.0.30,6/2/2025,6/2/2025,2025-06-02T10:01:42.000Z,2025-06-02T10:01:49.000Z,2025,6,2,1,false,false,false,86,true,0
daangn/seed-design,@seed-design/rsbuild-plugin@0.0.30,@seed-design/rsbuild-plugin@0.0.30,6/2/2025,6/2/2025,2025-06-02T10:01:42.000Z,2025-06-02T10:01:46.000Z,2025,6,2,1,false,false,false,86,true,0
daangn/seed-design,@seed-design/react@0.0.30,@seed-design/react@0.0.30,6/2/2025,6/2/2025,2025-06-02T10:01:42.000Z,2025-06-02T10:02:01.000Z,2025,6,2,1,false,false,false,581,true,0
daangn/seed-design,@seed-design/react-tabs@0.0.7,@seed-design/react-tabs@0.0.7,6/2/2025,6/2/2025,2025-06-02T10:01:42.000Z,2025-06-02T10:02:07.000Z,2025,6,2,1,false,false,false,111,true,0
daangn/seed-design,@seed-design/react-pull-to-refresh@0.0.6,@seed-design/react-pull-to-refresh@0.0.6,6/2/2025,6/2/2025,2025-06-02T10:01:42.000Z,2025-06-02T10:01:58.000Z,2025,6,2,1,false,false,false,69,true,0
daangn/seed-design,@seed-design/mcp@0.0.30,@seed-design/mcp@0.0.30,6/2/2025,6/2/2025,2025-06-02T10:01:42.000Z,2025-06-02T10:01:43.000Z,2025,6,2,1,false,false,false,49,true,0
daangn/seed-design,@seed-design/figma@0.0.30,@seed-design/figma@0.0.30,6/2/2025,6/2/2025,2025-06-02T10:01:42.000Z,2025-06-02T10:01:55.000Z,2025,6,2,1,false,false,false,86,true,0
daangn/seed-design,@seed-design/css@0.0.30,@seed-design/css@0.0.30,6/2/2025,6/2/2025,2025-06-02T10:01:42.000Z,2025-06-02T10:02:04.000Z,2025,6,2,1,false,false,false,210,true,0
daangn/seed-design,@seed-design/webpack-plugin@0.0.29,@seed-design/webpack-plugin@0.0.29,5/30/2025,5/30/2025,2025-05-30T12:57:26.000Z,2025-05-30T12:58:30.000Z,2025,5,30,5,false,false,false,86,true,0
daangn/seed-design,@seed-design/vite-plugin@0.0.29,@seed-design/vite-plugin@0.0.29,5/30/2025,5/30/2025,2025-05-30T12:57:26.000Z,2025-05-30T12:58:21.000Z,2025,5,30,5,false,false,false,86,true,0
daangn/seed-design,@seed-design/stackflow@0.0.29,@seed-design/stackflow@0.0.29,5/30/2025,5/30/2025,2025-05-30T12:57:26.000Z,2025-05-30T12:58:03.000Z,2025,5,30,5,false,false,false,271,true,0
daangn/seed-design,@seed-design/rsbuild-plugin@0.0.29,@seed-design/rsbuild-plugin@0.0.29,5/30/2025,5/30/2025,2025-05-30T12:57:26.000Z,2025-05-30T12:58:27.000Z,2025,5,30,5,false,false,false,86,true,0
daangn/seed-design,@seed-design/react@0.0.29,@seed-design/react@0.0.29,5/30/2025,5/30/2025,2025-05-30T12:57:26.000Z,2025-05-30T12:57:36.000Z,2025,5,30,5,false,false,false,825,true,0
daangn/seed-design,@seed-design/react-toggle@0.0.4,@seed-design/react-toggle@0.0.4,5/30/2025,5/30/2025,2025-05-30T12:57:26.000Z,2025-05-30T12:58:09.000Z,2025,5,30,5,false,false,false,97,true,0
daangn/seed-design,@seed-design/react-text-field@0.0.4,@seed-design/react-text-field@0.0.4,5/30/2025,5/30/2025,2025-05-30T12:57:26.000Z,2025-05-30T12:58:15.000Z,2025,5,30,5,false,false,false,97,true,0
daangn/seed-design,@seed-design/react-tabs@0.0.6,@seed-design/react-tabs@0.0.6,5/30/2025,5/30/2025,2025-05-30T12:57:26.000Z,2025-05-30T12:58:18.000Z,2025,5,30,5,false,false,false,97,true,0
daangn/seed-design,@seed-design/react-switch@0.0.4,@seed-design/react-switch@0.0.4,5/30/2025,5/30/2025,2025-05-30T12:57:26.000Z,2025-05-30T12:58:06.000Z,2025,5,30,5,false,false,false,97,true,0
daangn/seed-design,@seed-design/react-snackbar@0.0.5,@seed-design/react-snackbar@0.0.5,5/30/2025,5/30/2025,2025-05-30T12:57:26.000Z,2025-05-30T12:57:51.000Z,2025,5,30,5,false,false,false,97,true,0
daangn/seed-design,@seed-design/react-segmented-control@0.0.5,@seed-design/react-segmented-control@0.0.5,5/30/2025,5/30/2025,2025-05-30T12:57:26.000Z,2025-05-30T12:57:42.000Z,2025,5,30,5,false,false,false,97,true,0
daangn/seed-design,@seed-design/react-radio-group@0.0.4,@seed-design/react-radio-group@0.0.4,5/30/2025,5/30/2025,2025-05-30T12:57:26.000Z,2025-05-30T12:58:24.000Z,2025,5,30,5,false,false,false,97,true,0
daangn/seed-design,@seed-design/react-pull-to-refresh@0.0.5,@seed-design/react-pull-to-refresh@0.0.5,5/30/2025,5/30/2025,2025-05-30T12:57:26.000Z,2025-05-30T12:58:12.000Z,2025,5,30,5,false,false,false,97,true,0
daangn/seed-design,@seed-design/react-progress@0.0.4,@seed-design/react-progress@0.0.4,5/30/2025,5/30/2025,2025-05-30T12:57:26.000Z,2025-05-30T12:57:57.000Z,2025,5,30,5,false,false,false,97,true,0
daangn/seed-design,@seed-design/react-primitive@0.0.3,@seed-design/react-primitive@0.0.3,5/30/2025,5/30/2025,2025-05-30T12:57:26.000Z,2025-05-30T12:57:45.000Z,2025,5,30,5,false,false,false,126,true,0
daangn/seed-design,@seed-design/react-popover@0.0.7,@seed-design/react-popover@0.0.7,5/30/2025,5/30/2025,2025-05-30T12:57:26.000Z,2025-05-30T12:57:48.000Z,2025,5,30,5,false,false,false,97,true,0
daangn/seed-design,@seed-design/react-dialog@0.0.5,@seed-design/react-dialog@0.0.5,5/30/2025,5/30/2025,2025-05-30T12:57:26.000Z,2025-05-30T12:57:39.000Z,2025,5,30,5,false,false,false,97,true,0
daangn/seed-design,@seed-design/react-checkbox@0.0.4,@seed-design/react-checkbox@0.0.4,5/30/2025,5/30/2025,2025-05-30T12:57:26.000Z,2025-05-30T12:57:33.000Z,2025,5,30,5,false,false,false,97,true,0
daangn/seed-design,@seed-design/react-avatar@0.0.4,@seed-design/react-avatar@0.0.4,5/30/2025,5/30/2025,2025-05-30T12:57:26.000Z,2025-05-30T12:57:28.000Z,2025,5,30,5,false,false,false,97,true,0
daangn/seed-design,@seed-design/mcp@0.0.29,@seed-design/mcp@0.0.29,5/30/2025,5/30/2025,2025-05-30T12:57:26.000Z,2025-05-30T12:57:54.000Z,2025,5,30,5,false,false,false,49,true,0
daangn/seed-design,@seed-design/figma@0.0.29,@seed-design/figma@0.0.29,5/30/2025,5/30/2025,2025-05-30T12:57:26.000Z,2025-05-30T12:58:00.000Z,2025,5,30,5,false,false,false,86,true,0
daangn/seed-design,@seed-design/css@0.0.29,@seed-design/css@0.0.29,5/30/2025,5/30/2025,2025-05-30T12:57:26.000Z,2025-05-30T12:57:30.000Z,2025,5,30,5,false,false,false,77,true,0
daangn/seed-design,@seed-design/webpack-plugin@0.0.28,@seed-design/webpack-plugin@0.0.28,5/29/2025,5/29/2025,2025-05-29T10:43:11.000Z,2025-05-29T10:43:30.000Z,2025,5,29,4,false,false,false,86,true,0
daangn/seed-design,@seed-design/webpack-plugin@0.0.27,@seed-design/webpack-plugin@0.0.27,5/29/2025,5/29/2025,2025-05-29T04:11:34.000Z,2025-05-29T04:12:14.000Z,2025,5,29,4,false,false,false,156,true,0
daangn/seed-design,@seed-design/vite-plugin@0.0.28,@seed-design/vite-plugin@0.0.28,5/29/2025,5/29/2025,2025-05-29T10:43:11.000Z,2025-05-29T10:43:24.000Z,2025,5,29,4,false,false,false,86,true,0
daangn/seed-design,@seed-design/vite-plugin@0.0.27,@seed-design/vite-plugin@0.0.27,5/29/2025,5/29/2025,2025-05-29T04:11:34.000Z,2025-05-29T04:12:08.000Z,2025,5,29,4,false,false,false,156,true,0
daangn/seed-design,@seed-design/stackflow@0.0.28,@seed-design/stackflow@0.0.28,5/29/2025,5/29/2025,2025-05-29T10:43:11.000Z,2025-05-29T10:43:27.000Z,2025,5,29,4,false,false,false,86,true,0
daangn/seed-design,@seed-design/stackflow@0.0.27,@seed-design/stackflow@0.0.27,5/29/2025,5/29/2025,2025-05-29T04:11:34.000Z,2025-05-29T04:12:41.000Z,2025,5,29,4,false,false,false,211,true,0
daangn/seed-design,@seed-design/rsbuild-plugin@0.0.28,@seed-design/rsbuild-plugin@0.0.28,5/29/2025,5/29/2025,2025-05-29T10:43:11.000Z,2025-05-29T10:43:33.000Z,2025,5,29,4,false,false,false,86,true,0
daangn/seed-design,@seed-design/rsbuild-plugin@0.0.27,@seed-design/rsbuild-plugin@0.0.27,5/29/2025,5/29/2025,2025-05-29T04:11:34.000Z,2025-05-29T04:12:23.000Z,2025,5,29,4,false,false,false,156,true,0
daangn/seed-design,@seed-design/react@0.0.28,@seed-design/react@0.0.28,5/29/2025,5/29/2025,2025-05-29T10:43:11.000Z,2025-05-29T10:43:21.000Z,2025,5,29,4,false,false,false,86,true,0
daangn/seed-design,@seed-design/react@0.0.27,@seed-design/react@0.0.27,5/29/2025,5/29/2025,2025-05-29T04:11:34.000Z,2025-05-29T04:12:29.000Z,2025,5,29,4,false,false,false,840,true,0
daangn/seed-design,@seed-design/react-toggle@0.0.3,@seed-design/react-toggle@0.0.3,5/29/2025,5/29/2025,2025-05-29T04:11:34.000Z,2025-05-29T04:11:53.000Z,2025,5,29,4,false,false,false,74,true,0
daangn/seed-design,@seed-design/react-text-field@0.0.3,@seed-design/react-text-field@0.0.3,5/29/2025,5/29/2025,2025-05-29T04:11:34.000Z,2025-05-29T04:12:26.000Z,2025,5,29,4,false,false,false,74,true,0
daangn/seed-design,@seed-design/react-tabs@0.0.5,@seed-design/react-tabs@0.0.5,5/29/2025,5/29/2025,2025-05-29T04:11:34.000Z,2025-05-29T04:12:35.000Z,2025,5,29,4,false,false,false,74,true,0
daangn/seed-design,@seed-design/react-switch@0.0.3,@seed-design/react-switch@0.0.3,5/29/2025,5/29/2025,2025-05-29T04:11:34.000Z,2025-05-29T04:12:11.000Z,2025,5,29,4,false,false,false,74,true,0
daangn/seed-design,@seed-design/react-snackbar@0.0.4,@seed-design/react-snackbar@0.0.4,5/29/2025,5/29/2025,2025-05-29T04:11:34.000Z,2025-05-29T04:12:32.000Z,2025,5,29,4,false,false,false,74,true,0
daangn/seed-design,@seed-design/react-segmented-control@0.0.4,@seed-design/react-segmented-control@0.0.4,5/29/2025,5/29/2025,2025-05-29T04:11:34.000Z,2025-05-29T04:12:38.000Z,2025,5,29,4,false,false,false,74,true,0
daangn/seed-design,@seed-design/react-radio-group@0.0.3,@seed-design/react-radio-group@0.0.3,5/29/2025,5/29/2025,2025-05-29T04:11:34.000Z,2025-05-29T04:11:38.000Z,2025,5,29,4,false,false,false,74,true,0
daangn/seed-design,@seed-design/react-pull-to-refresh@0.0.4,@seed-design/react-pull-to-refresh@0.0.4,5/29/2025,5/29/2025,2025-05-29T04:11:34.000Z,2025-05-29T04:12:20.000Z,2025,5,29,4,false,false,false,74,true,0
daangn/seed-design,@seed-design/react-progress@0.0.3,@seed-design/react-progress@0.0.3,5/29/2025,5/29/2025,2025-05-29T04:11:34.000Z,2025-05-29T04:12:05.000Z,2025,5,29,4,false,false,false,74,true,0
daangn/seed-design,@seed-design/react-portal@0.0.2,@seed-design/react-portal@0.0.2,5/29/2025,5/29/2025,2025-05-29T04:11:34.000Z,2025-05-29T04:11:41.000Z,2025,5,29,4,false,false,false,74,true,0
daangn/seed-design,@seed-design/react-popover@0.0.6,@seed-design/react-popover@0.0.6,5/29/2025,5/29/2025,2025-05-29T04:11:34.000Z,2025-05-29T04:12:02.000Z,2025,5,29,4,false,false,false,74,true,0
daangn/seed-design,@seed-design/react-dialog@0.0.4,@seed-design/react-dialog@0.0.4,5/29/2025,5/29/2025,2025-05-29T04:11:34.000Z,2025-05-29T04:11:56.000Z,2025,5,29,4,false,false,false,74,true,0
daangn/seed-design,@seed-design/react-checkbox@0.0.3,@seed-design/react-checkbox@0.0.3,5/29/2025,5/29/2025,2025-05-29T04:11:34.000Z,2025-05-29T04:11:47.000Z,2025,5,29,4,false,false,false,74,true,0
daangn/seed-design,@seed-design/react-avatar@0.0.3,@seed-design/react-avatar@0.0.3,5/29/2025,5/29/2025,2025-05-29T04:11:34.000Z,2025-05-29T04:11:50.000Z,2025,5,29,4,false,false,false,74,true,0
daangn/seed-design,@seed-design/mcp@0.0.28,@seed-design/mcp@0.0.28,5/29/2025,5/29/2025,2025-05-29T10:43:11.000Z,2025-05-29T10:43:15.000Z,2025,5,29,4,false,false,false,88,true,0
daangn/seed-design,@seed-design/mcp@0.0.27,@seed-design/mcp@0.0.27,5/29/2025,5/29/2025,2025-05-29T04:11:34.000Z,2025-05-29T04:11:44.000Z,2025,5,29,4,false,false,false,88,true,0
daangn/seed-design,@seed-design/figma@0.0.28,@seed-design/figma@0.0.28,5/29/2025,5/29/2025,2025-05-29T10:43:11.000Z,2025-05-29T10:43:12.000Z,2025,5,29,4,false,false,false,143,true,0
daangn/seed-design,@seed-design/figma@0.0.27,@seed-design/figma@0.0.27,5/29/2025,5/29/2025,2025-05-29T04:11:34.000Z,2025-05-29T04:11:35.000Z,2025,5,29,4,false,false,false,223,true,0
daangn/seed-design,@seed-design/css@0.0.28,@seed-design/css@0.0.28,5/29/2025,5/29/2025,2025-05-29T10:43:11.000Z,2025-05-29T10:43:18.000Z,2025,5,29,4,false,false,false,61,true,0
daangn/seed-design,@seed-design/css@0.0.27,@seed-design/css@0.0.27,5/29/2025,5/29/2025,2025-05-29T04:11:34.000Z,2025-05-29T04:11:59.000Z,2025,5,29,4,false,false,false,159,true,0
daangn/seed-design,@seed-design/codemod@0.0.25,@seed-design/codemod@0.0.25,5/29/2025,5/29/2025,2025-05-29T04:11:34.000Z,2025-05-29T04:12:17.000Z,2025,5,29,4,false,false,false,94,true,0
daangn/seed-design,@seed-design/webpack-plugin@0.0.26,@seed-design/webpack-plugin@0.0.26,5/21/2025,5/21/2025,2025-05-21T08:31:31.000Z,2025-05-21T08:31:41.000Z,2025,5,21,3,false,false,false,59,true,0
daangn/seed-design,@seed-design/vite-plugin@0.0.26,@seed-design/vite-plugin@0.0.26,5/21/2025,5/21/2025,2025-05-21T08:31:31.000Z,2025-05-21T08:31:35.000Z,2025,5,21,3,false,false,false,59,true,0
daangn/seed-design,@seed-design/rsbuild-plugin@0.0.26,@seed-design/rsbuild-plugin@0.0.26,5/21/2025,5/21/2025,2025-05-21T08:31:31.000Z,2025-05-21T08:31:32.000Z,2025,5,21,3,false,false,false,59,true,0
daangn/seed-design,@seed-design/codemod@0.0.24,@seed-design/codemod@0.0.24,5/21/2025,5/21/2025,2025-05-21T08:31:31.000Z,2025-05-21T08:31:38.000Z,2025,5,21,3,false,false,false,150,true,0
daangn/seed-design,@seed-design/webpack-plugin@0.0.25,@seed-design/webpack-plugin@0.0.25,5/19/2025,5/19/2025,2025-05-19T05:02:28.000Z,2025-05-19T05:02:38.000Z,2025,5,19,1,false,false,false,86,true,0
daangn/seed-design,@seed-design/vite-plugin@0.0.25,@seed-design/vite-plugin@0.0.25,5/19/2025,5/19/2025,2025-05-19T05:02:28.000Z,2025-05-19T05:02:44.000Z,2025,5,19,1,false,false,false,86,true,0
daangn/seed-design,@seed-design/stackflow@0.0.25,@seed-design/stackflow@0.0.25,5/19/2025,5/19/2025,2025-05-19T05:02:28.000Z,2025-05-19T05:02:29.000Z,2025,5,19,1,false,false,false,86,true,0
daangn/seed-design,@seed-design/rsbuild-plugin@0.0.25,@seed-design/rsbuild-plugin@0.0.25,5/19/2025,5/19/2025,2025-05-19T05:02:28.000Z,2025-05-19T05:02:53.000Z,2025,5,19,1,false,false,false,86,true,0
daangn/seed-design,@seed-design/react@0.0.25,@seed-design/react@0.0.25,5/19/2025,5/19/2025,2025-05-19T05:02:28.000Z,2025-05-19T05:02:50.000Z,2025,5,19,1,false,false,false,127,true,0
daangn/seed-design,@seed-design/mcp@0.0.25,@seed-design/mcp@0.0.25,5/19/2025,5/19/2025,2025-05-19T05:02:28.000Z,2025-05-19T05:02:41.000Z,2025,5,19,1,false,false,false,143,true,0
daangn/seed-design,@seed-design/figma@0.0.25,@seed-design/figma@0.0.25,5/19/2025,5/19/2025,2025-05-19T05:02:28.000Z,2025-05-19T05:02:35.000Z,2025,5,19,1,false,false,false,141,true,0
daangn/seed-design,@seed-design/css@0.0.25,@seed-design/css@0.0.25,5/19/2025,5/19/2025,2025-05-19T05:02:28.000Z,2025-05-19T05:02:32.000Z,2025,5,19,1,false,false,false,60,true,0
daangn/seed-design,@seed-design/codemod@0.0.23,@seed-design/codemod@0.0.23,5/19/2025,5/19/2025,2025-05-19T05:02:28.000Z,2025-05-19T05:02:47.000Z,2025,5,19,1,false,false,false,173,true,0
daangn/seed-design,@seed-design/webpack-plugin@0.0.24,@seed-design/webpack-plugin@0.0.24,5/8/2025,5/8/2025,2025-05-08T05:35:02.000Z,2025-05-08T05:35:03.000Z,2025,5,8,4,false,false,false,86,true,0
daangn/seed-design,@seed-design/vite-plugin@0.0.24,@seed-design/vite-plugin@0.0.24,5/8/2025,5/8/2025,2025-05-08T05:35:02.000Z,2025-05-08T05:35:26.000Z,2025,5,8,4,false,false,false,86,true,0
daangn/seed-design,@seed-design/stackflow@0.0.24,@seed-design/stackflow@0.0.24,5/8/2025,5/8/2025,2025-05-08T05:35:02.000Z,2025-05-08T05:35:23.000Z,2025,5,8,4,false,false,false,86,true,0
daangn/seed-design,@seed-design/rsbuild-plugin@0.0.24,@seed-design/rsbuild-plugin@0.0.24,5/8/2025,5/8/2025,2025-05-08T05:35:02.000Z,2025-05-08T05:35:20.000Z,2025,5,8,4,false,false,false,86,true,0
daangn/seed-design,@seed-design/react@0.0.24,@seed-design/react@0.0.24,5/8/2025,5/8/2025,2025-05-08T05:35:02.000Z,2025-05-08T05:35:11.000Z,2025,5,8,4,false,false,false,270,true,0
daangn/seed-design,@seed-design/react-portal@0.0.1,@seed-design/react-portal@0.0.1,5/8/2025,5/8/2025,2025-05-08T05:35:02.000Z,2025-05-08T05:35:17.000Z,2025,5,8,4,false,false,false,56,true,0
daangn/seed-design,@seed-design/mcp@0.0.24,@seed-design/mcp@0.0.24,5/8/2025,5/8/2025,2025-05-08T05:35:02.000Z,2025-05-08T05:35:14.000Z,2025,5,8,4,false,false,false,49,true,0
daangn/seed-design,@seed-design/figma@0.0.24,@seed-design/figma@0.0.24,5/8/2025,5/8/2025,2025-05-08T05:35:02.000Z,2025-05-08T05:35:08.000Z,2025,5,8,4,false,false,false,86,true,0
daangn/seed-design,@seed-design/css@0.0.24,@seed-design/css@0.0.24,5/8/2025,5/8/2025,2025-05-08T05:35:02.000Z,2025-05-08T05:35:05.000Z,2025,5,8,4,false,false,false,91,true,0
daangn/seed-design,@seed-design/webpack-plugin@0.0.23,@seed-design/webpack-plugin@0.0.23,5/2/2025,5/2/2025,2025-05-02T08:30:07.000Z,2025-05-02T08:30:29.000Z,2025,5,2,5,false,false,false,86,true,0
daangn/seed-design,@seed-design/vite-plugin@0.0.23,@seed-design/vite-plugin@0.0.23,5/2/2025,5/2/2025,2025-05-02T08:30:07.000Z,2025-05-02T08:30:23.000Z,2025,5,2,5,false,false,false,86,true,0
daangn/seed-design,@seed-design/stackflow@0.0.23,@seed-design/stackflow@0.0.23,5/2/2025,5/2/2025,2025-05-02T08:30:07.000Z,2025-05-02T08:30:26.000Z,2025,5,2,5,false,false,false,136,true,0
daangn/seed-design,@seed-design/rsbuild-plugin@0.0.23,@seed-design/rsbuild-plugin@0.0.23,5/2/2025,5/2/2025,2025-05-02T08:30:07.000Z,2025-05-02T08:30:20.000Z,2025,5,2,5,false,false,false,86,true,0
daangn/seed-design,@seed-design/react@0.0.23,@seed-design/react@0.0.23,5/2/2025,5/2/2025,2025-05-02T08:30:07.000Z,2025-05-02T08:30:17.000Z,2025,5,2,5,false,false,false,86,true,0
daangn/seed-design,@seed-design/mcp@0.0.23,@seed-design/mcp@0.0.23,5/2/2025,5/2/2025,2025-05-02T08:30:07.000Z,2025-05-02T08:30:14.000Z,2025,5,2,5,false,false,false,138,true,0
daangn/seed-design,@seed-design/figma@0.0.23,@seed-design/figma@0.0.23,5/2/2025,5/2/2025,2025-05-02T08:30:07.000Z,2025-05-02T08:30:08.000Z,2025,5,2,5,false,false,false,86,true,0
daangn/seed-design,@seed-design/css@0.0.23,@seed-design/css@0.0.23,5/2/2025,5/2/2025,2025-05-02T08:30:07.000Z,2025-05-02T08:30:11.000Z,2025,5,2,5,false,false,false,69,true,0
daangn/seed-design,@seed-design/webpack-plugin@0.0.21,@seed-design/webpack-plugin@0.0.21,4/28/2025,4/28/2025,2025-04-28T13:49:08.000Z,2025-04-28T13:50:31.000Z,2025,4,28,1,false,false,false,256,true,0
daangn/seed-design,@seed-design/vite-plugin@0.0.21,@seed-design/vite-plugin@0.0.21,4/28/2025,4/28/2025,2025-04-28T13:49:08.000Z,2025-04-28T13:50:25.000Z,2025,4,28,1,false,false,false,256,true,0
daangn/seed-design,@seed-design/tailwind4-theme@0.0.21,@seed-design/tailwind4-theme@0.0.21,4/28/2025,4/28/2025,2025-04-28T13:49:08.000Z,2025-04-28T13:50:34.000Z,2025,4,28,1,false,false,false,49,true,0
daangn/seed-design,@seed-design/tailwind3-plugin@0.0.21,@seed-design/tailwind3-plugin@0.0.21,4/28/2025,4/28/2025,2025-04-28T13:49:08.000Z,2025-04-28T13:50:22.000Z,2025,4,28,1,false,false,false,49,true,0
daangn/seed-design,@seed-design/stackflow@0.0.21,@seed-design/stackflow@0.0.21,4/28/2025,4/28/2025,2025-04-28T13:49:08.000Z,2025-04-28T13:50:19.000Z,2025,4,28,1,false,false,false,336,true,0
daangn/seed-design,@seed-design/rsbuild-plugin@0.0.21,@seed-design/rsbuild-plugin@0.0.21,4/28/2025,4/28/2025,2025-04-28T13:49:08.000Z,2025-04-28T13:50:16.000Z,2025,4,28,1,false,false,false,256,true,0
daangn/seed-design,@seed-design/react@0.0.21,@seed-design/react@0.0.21,4/28/2025,4/28/2025,2025-04-28T13:49:08.000Z,2025-04-28T13:49:28.000Z,2025,4,28,1,false,false,false,1042,true,0
daangn/seed-design,@seed-design/react-toggle@0.0.2,@seed-design/react-toggle@0.0.2,4/28/2025,4/28/2025,2025-04-28T13:49:08.000Z,2025-04-28T13:50:13.000Z,2025,4,28,1,false,false,false,164,true,0
daangn/seed-design,@seed-design/react-text-field@0.0.2,@seed-design/react-text-field@0.0.2,4/28/2025,4/28/2025,2025-04-28T13:49:08.000Z,2025-04-28T13:50:10.000Z,2025,4,28,1,false,false,false,164,true,0
daangn/seed-design,@seed-design/react-tabs@0.0.4,@seed-design/react-tabs@0.0.4,4/28/2025,4/28/2025,2025-04-28T13:49:08.000Z,2025-04-28T13:50:04.000Z,2025,4,28,1,false,false,false,164,true,0
daangn/seed-design,@seed-design/react-switch@0.0.2,@seed-design/react-switch@0.0.2,4/28/2025,4/28/2025,2025-04-28T13:49:08.000Z,2025-04-28T13:50:07.000Z,2025,4,28,1,false,false,false,164,true,0
daangn/seed-design,@seed-design/react-snackbar@0.0.3,@seed-design/react-snackbar@0.0.3,4/28/2025,4/28/2025,2025-04-28T13:49:08.000Z,2025-04-28T13:50:01.000Z,2025,4,28,1,false,false,false,164,true,0
daangn/seed-design,@seed-design/react-segmented-control@0.0.3,@seed-design/react-segmented-control@0.0.3,4/28/2025,4/28/2025,2025-04-28T13:49:08.000Z,2025-04-28T13:49:55.000Z,2025,4,28,1,false,false,false,164,true,0
daangn/seed-design,@seed-design/react-radio-group@0.0.2,@seed-design/react-radio-group@0.0.2,4/28/2025,4/28/2025,2025-04-28T13:49:08.000Z,2025-04-28T13:49:52.000Z,2025,4,28,1,false,false,false,164,true,0
daangn/seed-design,@seed-design/react-pull-to-refresh@0.0.3,@seed-design/react-pull-to-refresh@0.0.3,4/28/2025,4/28/2025,2025-04-28T13:49:08.000Z,2025-04-28T13:49:49.000Z,2025,4,28,1,false,false,false,164,true,0
daangn/seed-design,@seed-design/react-progress@0.0.2,@seed-design/react-progress@0.0.2,4/28/2025,4/28/2025,2025-04-28T13:49:08.000Z,2025-04-28T13:49:58.000Z,2025,4,28,1,false,false,false,164,true,0
daangn/seed-design,@seed-design/react-primitive@0.0.2,@seed-design/react-primitive@0.0.2,4/28/2025,4/28/2025,2025-04-28T13:49:08.000Z,2025-04-28T13:49:40.000Z,2025,4,28,1,false,false,false,49,true,0
daangn/seed-design,@seed-design/react-popover@0.0.5,@seed-design/react-popover@0.0.5,4/28/2025,4/28/2025,2025-04-28T13:49:08.000Z,2025-04-28T13:49:43.000Z,2025,4,28,1,false,false,false,164,true,0
daangn/seed-design,@seed-design/react-dialog@0.0.3,@seed-design/react-dialog@0.0.3,4/28/2025,4/28/2025,2025-04-28T13:49:08.000Z,2025-04-28T13:49:46.000Z,2025,4,28,1,false,false,false,164,true,0
daangn/seed-design,@seed-design/react-checkbox@0.0.2,@seed-design/react-checkbox@0.0.2,4/28/2025,4/28/2025,2025-04-28T13:49:08.000Z,2025-04-28T13:49:34.000Z,2025,4,28,1,false,false,false,164,true,0
daangn/seed-design,@seed-design/react-avatar@0.0.2,@seed-design/react-avatar@0.0.2,4/28/2025,4/28/2025,2025-04-28T13:49:08.000Z,2025-04-28T13:49:37.000Z,2025,4,28,1,false,false,false,164,true,0
daangn/seed-design,@seed-design/mcp@0.0.22,@seed-design/mcp@0.0.22,4/29/2025,4/29/2025,2025-04-28T17:13:03.000Z,2025-04-28T17:13:07.000Z,2025,4,29,2,false,false,false,157,true,0
daangn/seed-design,@seed-design/mcp@0.0.21,@seed-design/mcp@0.0.21,4/28/2025,4/28/2025,2025-04-28T13:49:08.000Z,2025-04-28T13:49:25.000Z,2025,4,28,1,false,false,false,223,true,0
daangn/seed-design,@seed-design/figma@0.0.22,@seed-design/figma@0.0.22,4/29/2025,4/29/2025,2025-04-28T17:13:03.000Z,2025-04-28T17:13:04.000Z,2025,4,29,2,false,false,false,88,true,0
daangn/seed-design,@seed-design/figma@0.0.21,@seed-design/figma@0.0.21,4/28/2025,4/28/2025,2025-04-28T13:49:08.000Z,2025-04-28T13:49:31.000Z,2025,4,28,1,false,false,false,444,true,0
daangn/seed-design,@seed-design/figma-extractor@0.0.4,@seed-design/figma-extractor@0.0.4,4/28/2025,4/28/2025,2025-04-28T13:49:08.000Z,2025-04-28T13:49:10.000Z,2025,4,28,1,false,false,false,49,true,0
daangn/seed-design,@seed-design/dom-utils@0.0.2,@seed-design/dom-utils@0.0.2,4/28/2025,4/28/2025,2025-04-28T13:49:08.000Z,2025-04-28T13:50:28.000Z,2025,4,28,1,false,false,false,49,true,0
daangn/seed-design,@seed-design/design-token@1.0.4,@seed-design/design-token@1.0.4,4/28/2025,4/28/2025,2025-04-28T13:49:08.000Z,2025-04-28T13:49:22.000Z,2025,4,28,1,false,false,false,49,true,0
daangn/seed-design,@seed-design/css@0.0.21,@seed-design/css@0.0.21,4/28/2025,4/28/2025,2025-04-28T13:49:08.000Z,2025-04-28T13:49:19.000Z,2025,4,28,1,false,false,false,360,true,0
daangn/seed-design,@seed-design/codemod@0.0.22,@seed-design/codemod@0.0.22,4/28/2025,4/28/2025,2025-04-28T13:49:08.000Z,2025-04-28T13:49:16.000Z,2025,4,28,1,false,false,false,397,true,0
daangn/seed-design,@seed-design/cli@0.0.2,@seed-design/cli@0.0.2,4/28/2025,4/28/2025,2025-04-28T13:49:08.000Z,2025-04-28T13:49:13.000Z,2025,4,28,1,false,false,false,49,true,0
daangn/seed-design,@seed-design/webpack-plugin@0.0.19,@seed-design/webpack-plugin@0.0.19,4/23/2025,4/23/2025,2025-04-23T09:32:24.000Z,2025-04-23T09:32:46.000Z,2025,4,23,3,false,false,false,121,true,0
daangn/seed-design,@seed-design/vite-plugin@0.0.19,@seed-design/vite-plugin@0.0.19,4/23/2025,4/23/2025,2025-04-23T09:32:24.000Z,2025-04-23T09:32:40.000Z,2025,4,23,3,false,false,false,121,true,0
daangn/seed-design,@seed-design/stackflow@0.0.19,@seed-design/stackflow@0.0.19,4/23/2025,4/23/2025,2025-04-23T09:32:24.000Z,2025-04-23T09:32:37.000Z,2025,4,23,3,false,false,false,121,true,0
daangn/seed-design,@seed-design/rsbuild-plugin@0.0.19,@seed-design/rsbuild-plugin@0.0.19,4/23/2025,4/23/2025,2025-04-23T09:32:24.000Z,2025-04-23T09:32:34.000Z,2025,4,23,3,false,false,false,121,true,0
daangn/seed-design,@seed-design/react@0.0.19,@seed-design/react@0.0.19,4/23/2025,4/23/2025,2025-04-23T09:32:24.000Z,2025-04-23T09:32:43.000Z,2025,4,23,3,false,false,false,121,true,0
daangn/seed-design,@seed-design/mcp@0.0.20,@seed-design/mcp@0.0.20,4/24/2025,4/24/2025,2025-04-23T15:07:31.000Z,2025-04-23T15:07:38.000Z,2025,4,24,4,false,false,false,88,true,0
daangn/seed-design,@seed-design/mcp@0.0.19,@seed-design/mcp@0.0.19,4/23/2025,4/23/2025,2025-04-23T09:32:24.000Z,2025-04-23T09:32:31.000Z,2025,4,23,3,false,false,false,49,true,0
daangn/seed-design,@seed-design/figma@0.0.20,@seed-design/figma@0.0.20,4/24/2025,4/24/2025,2025-04-23T15:07:31.000Z,2025-04-23T15:07:35.000Z,2025,4,24,4,false,false,false,75,true,0
daangn/seed-design,@seed-design/figma@0.0.19,@seed-design/figma@0.0.19,4/23/2025,4/23/2025,2025-04-23T09:32:24.000Z,2025-04-23T09:32:25.000Z,2025,4,23,3,false,false,false,121,true,0
daangn/seed-design,@seed-design/css@0.0.19,@seed-design/css@0.0.19,4/23/2025,4/23/2025,2025-04-23T09:32:24.000Z,2025-04-23T09:32:28.000Z,2025,4,23,3,false,false,false,145,true,0
daangn/seed-design,@seed-design/webpack-plugin@0.0.17,@seed-design/webpack-plugin@0.0.17,4/22/2025,4/22/2025,2025-04-22T08:33:09.000Z,2025-04-22T08:33:26.000Z,2025,4,22,2,false,false,false,86,true,0
daangn/seed-design,@seed-design/webpack-plugin@0.0.15,@seed-design/webpack-plugin@0.0.15,4/22/2025,4/22/2025,2025-04-22T05:00:51.000Z,2025-04-22T05:01:10.000Z,2025,4,22,2,false,false,false,290,true,0
daangn/seed-design,@seed-design/vite-plugin@0.0.17,@seed-design/vite-plugin@0.0.17,4/22/2025,4/22/2025,2025-04-22T08:33:09.000Z,2025-04-22T08:33:29.000Z,2025,4,22,2,false,false,false,86,true,0
daangn/seed-design,@seed-design/vite-plugin@0.0.15,@seed-design/vite-plugin@0.0.15,4/22/2025,4/22/2025,2025-04-22T05:00:51.000Z,2025-04-22T05:01:01.000Z,2025,4,22,2,false,false,false,290,true,0
daangn/seed-design,@seed-design/stackflow@0.0.17,@seed-design/stackflow@0.0.17,4/22/2025,4/22/2025,2025-04-22T08:33:09.000Z,2025-04-22T08:33:32.000Z,2025,4,22,2,false,false,false,135,true,0
daangn/seed-design,@seed-design/stackflow@0.0.15,@seed-design/stackflow@0.0.15,4/22/2025,4/22/2025,2025-04-22T05:00:51.000Z,2025-04-22T05:01:13.000Z,2025,4,22,2,false,false,false,290,true,0
daangn/seed-design,@seed-design/rsbuild-plugin@0.0.17,@seed-design/rsbuild-plugin@0.0.17,4/22/2025,4/22/2025,2025-04-22T08:33:09.000Z,2025-04-22T08:33:23.000Z,2025,4,22,2,false,false,false,86,true,0
daangn/seed-design,@seed-design/rsbuild-plugin@0.0.15,@seed-design/rsbuild-plugin@0.0.15,4/22/2025,4/22/2025,2025-04-22T05:00:51.000Z,2025-04-22T05:01:04.000Z,2025,4,22,2,false,false,false,290,true,0
daangn/seed-design,@seed-design/react@0.0.17,@seed-design/react@0.0.17,4/22/2025,4/22/2025,2025-04-22T08:33:09.000Z,2025-04-22T08:33:20.000Z,2025,4,22,2,false,false,false,135,true,0
daangn/seed-design,@seed-design/react@0.0.15,@seed-design/react@0.0.15,4/22/2025,4/22/2025,2025-04-22T05:00:51.000Z,2025-04-22T05:01:16.000Z,2025,4,22,2,false,false,false,906,true,0
daangn/seed-design,@seed-design/react-popover@0.0.4,@seed-design/react-popover@0.0.4,4/22/2025,4/22/2025,2025-04-22T05:00:51.000Z,2025-04-22T05:00:58.000Z,2025,4,22,2,false,false,false,67,true,0
daangn/seed-design,@seed-design/mcp@0.0.18,@seed-design/mcp@0.0.18,4/23/2025,4/23/2025,2025-04-22T16:41:39.000Z,2025-04-22T16:41:43.000Z,2025,4,23,3,false,false,false,136,true,0
daangn/seed-design,@seed-design/mcp@0.0.17,@seed-design/mcp@0.0.17,4/22/2025,4/22/2025,2025-04-22T08:33:09.000Z,2025-04-22T08:33:14.000Z,2025,4,22,2,false,false,false,49,true,0
daangn/seed-design,@seed-design/mcp@0.0.16,@seed-design/mcp@0.0.16,4/22/2025,4/22/2025,2025-04-22T07:38:28.000Z,2025-04-22T07:38:29.000Z,2025,4,22,2,false,false,false,101,true,0
daangn/seed-design,@seed-design/mcp@0.0.15,@seed-design/mcp@0.0.15,4/22/2025,4/22/2025,2025-04-22T05:00:51.000Z,2025-04-22T05:01:07.000Z,2025,4,22,2,false,false,false,88,true,0
daangn/seed-design,@seed-design/figma@0.0.18,@seed-design/figma@0.0.18,4/23/2025,4/23/2025,2025-04-22T16:41:39.000Z,2025-04-22T16:41:40.000Z,2025,4,23,3,false,false,false,83,true,0
daangn/seed-design,@seed-design/figma@0.0.17,@seed-design/figma@0.0.17,4/22/2025,4/22/2025,2025-04-22T08:33:09.000Z,2025-04-22T08:33:17.000Z,2025,4,22,2,false,false,false,86,true,0
daangn/seed-design,@seed-design/figma@0.0.15,@seed-design/figma@0.0.15,4/22/2025,4/22/2025,2025-04-22T05:00:51.000Z,2025-04-22T05:00:55.000Z,2025,4,22,2,false,false,false,562,true,0
daangn/seed-design,@seed-design/css@0.0.17,@seed-design/css@0.0.17,4/22/2025,4/22/2025,2025-04-22T08:33:09.000Z,2025-04-22T08:33:11.000Z,2025,4,22,2,false,false,false,68,true,0
daangn/seed-design,@seed-design/css@0.0.15,@seed-design/css@0.0.15,4/22/2025,4/22/2025,2025-04-22T05:00:51.000Z,2025-04-22T05:00:52.000Z,2025,4,22,2,false,false,false,582,true,0
daangn/seed-design,@seed-design/webpack-plugin@0.0.14,@seed-design/webpack-plugin@0.0.14,4/18/2025,4/18/2025,2025-04-18T10:12:42.000Z,2025-04-18T10:13:08.000Z,2025,4,18,5,false,false,false,121,true,0
daangn/seed-design,@seed-design/vite-plugin@0.0.14,@seed-design/vite-plugin@0.0.14,4/18/2025,4/18/2025,2025-04-18T10:12:42.000Z,2025-04-18T10:13:05.000Z,2025,4,18,5,false,false,false,121,true,0
daangn/seed-design,@seed-design/stackflow@0.0.14,@seed-design/stackflow@0.0.14,4/18/2025,4/18/2025,2025-04-18T10:12:42.000Z,2025-04-18T10:13:02.000Z,2025,4,18,5,false,false,false,121,true,0
daangn/seed-design,@seed-design/rsbuild-plugin@0.0.14,@seed-design/rsbuild-plugin@0.0.14,4/18/2025,4/18/2025,2025-04-18T10:12:42.000Z,2025-04-18T10:12:59.000Z,2025,4,18,5,false,false,false,121,true,0
daangn/seed-design,@seed-design/react@0.0.14,@seed-design/react@0.0.14,4/18/2025,4/18/2025,2025-04-18T10:12:42.000Z,2025-04-18T10:12:53.000Z,2025,4,18,5,false,false,false,289,true,0
daangn/seed-design,@seed-design/react-popover@0.0.3,@seed-design/react-popover@0.0.3,4/18/2025,4/18/2025,2025-04-18T10:12:42.000Z,2025-04-18T10:12:56.000Z,2025,4,18,5,false,false,false,67,true,0
daangn/seed-design,@seed-design/mcp@0.0.6,@seed-design/mcp@0.0.6,4/18/2025,4/18/2025,2025-04-18T10:12:42.000Z,2025-04-18T10:12:47.000Z,2025,4,18,5,false,false,false,48,true,0
daangn/seed-design,@seed-design/figma@0.0.6,@seed-design/figma@0.0.6,4/18/2025,4/18/2025,2025-04-18T10:12:42.000Z,2025-04-18T10:12:50.000Z,2025,4,18,5,false,false,false,121,true,0
daangn/seed-design,@seed-design/css@0.0.14,@seed-design/css@0.0.14,4/18/2025,4/18/2025,2025-04-18T10:12:42.000Z,2025-04-18T10:12:44.000Z,2025,4,18,5,false,false,false,112,true,0
daangn/seed-design,@seed-design/webpack-plugin@0.0.13,@seed-design/webpack-plugin@0.0.13,4/17/2025,4/17/2025,2025-04-16T16:17:11.000Z,2025-04-16T16:17:36.000Z,2025,4,17,4,false,false,false,86,true,0
daangn/seed-design,@seed-design/vite-plugin@0.0.13,@seed-design/vite-plugin@0.0.13,4/17/2025,4/17/2025,2025-04-16T16:17:11.000Z,2025-04-16T16:17:30.000Z,2025,4,17,4,false,false,false,86,true,0
daangn/seed-design,@seed-design/stackflow@0.0.13,@seed-design/stackflow@0.0.13,4/17/2025,4/17/2025,2025-04-16T16:17:11.000Z,2025-04-16T16:17:33.000Z,2025,4,17,4,false,false,false,86,true,0
daangn/seed-design,@seed-design/rsbuild-plugin@0.0.13,@seed-design/rsbuild-plugin@0.0.13,4/17/2025,4/17/2025,2025-04-16T16:17:11.000Z,2025-04-16T16:17:18.000Z,2025,4,17,4,false,false,false,86,true,0
daangn/seed-design,@seed-design/react@0.0.13,@seed-design/react@0.0.13,4/17/2025,4/17/2025,2025-04-16T16:17:11.000Z,2025-04-16T16:17:21.000Z,2025,4,17,4,false,false,false,209,true,0
daangn/seed-design,@seed-design/react-pull-to-refresh@0.0.2,@seed-design/react-pull-to-refresh@0.0.2,4/17/2025,4/17/2025,2025-04-16T16:17:11.000Z,2025-04-16T16:17:24.000Z,2025,4,17,4,false,false,false,69,true,0
daangn/seed-design,@seed-design/mcp@0.0.5,@seed-design/mcp@0.0.5,4/17/2025,4/17/2025,2025-04-16T16:17:11.000Z,2025-04-16T16:17:27.000Z,2025,4,17,4,false,false,false,48,true,0
daangn/seed-design,@seed-design/figma@0.0.5,@seed-design/figma@0.0.5,4/17/2025,4/17/2025,2025-04-16T16:17:11.000Z,2025-04-16T16:17:15.000Z,2025,4,17,4,false,false,false,86,true,0
daangn/seed-design,@seed-design/css@0.0.13,@seed-design/css@0.0.13,4/17/2025,4/17/2025,2025-04-16T16:17:11.000Z,2025-04-16T16:17:12.000Z,2025,4,17,4,false,false,false,58,true,0
daangn/seed-design,@seed-design/codemod@0.0.21,@seed-design/codemod@0.0.21,4/7/2025,4/7/2025,2025-04-07T03:31:38.000Z,2025-04-07T03:31:39.000Z,2025,4,7,1,false,false,false,67,true,0
daangn/seed-design,@seed-design/codemod@0.0.19,@seed-design/codemod@0.0.19,3/25/2025,3/25/2025,2025-03-24T15:20:58.000Z,2025-03-24T15:20:59.000Z,2025,3,25,2,false,false,false,53,true,0
daangn/seed-design,@seed-design/webpack-plugin@0.0.8,@seed-design/webpack-plugin@0.0.8,3/18/2025,3/18/2025,2025-03-18T14:03:40.000Z,2025-03-18T14:03:56.000Z,2025,3,18,2,false,false,false,120,true,0
daangn/seed-design,@seed-design/vite-plugin@0.0.8,@seed-design/vite-plugin@0.0.8,3/18/2025,3/18/2025,2025-03-18T14:03:40.000Z,2025-03-18T14:03:53.000Z,2025,3,18,2,false,false,false,120,true,0
daangn/seed-design,@seed-design/stackflow@0.0.8,@seed-design/stackflow@0.0.8,3/18/2025,3/18/2025,2025-03-18T14:03:40.000Z,2025-03-18T14:03:59.000Z,2025,3,18,2,false,false,false,120,true,0
daangn/seed-design,@seed-design/rsbuild-plugin@0.0.8,@seed-design/rsbuild-plugin@0.0.8,3/18/2025,3/18/2025,2025-03-18T14:03:40.000Z,2025-03-18T14:03:47.000Z,2025,3,18,2,false,false,false,120,true,0
daangn/seed-design,@seed-design/react@0.0.8,@seed-design/react@0.0.8,3/18/2025,3/18/2025,2025-03-18T14:03:40.000Z,2025-03-18T14:03:50.000Z,2025,3,18,2,false,false,false,221,true,0
daangn/seed-design,@seed-design/migration-index@0.0.18,@seed-design/migration-index@0.0.18,3/18/2025,3/18/2025,2025-03-18T14:03:40.000Z,2025-03-18T14:03:44.000Z,2025,3,18,2,false,false,false,82,true,0
daangn/seed-design,@seed-design/css@0.0.8,@seed-design/css@0.0.8,3/18/2025,3/18/2025,2025-03-18T14:03:40.000Z,2025-03-18T14:04:02.000Z,2025,3,18,2,false,false,false,172,true,0
daangn/seed-design,@seed-design/codemod@0.0.18,@seed-design/codemod@0.0.18,3/18/2025,3/18/2025,2025-03-18T14:03:40.000Z,2025-03-18T14:03:41.000Z,2025,3,18,2,false,false,false,181,true,0
daangn/seed-design,@seed-design/codemod@0.0.17,@seed-design/codemod@0.0.17,3/14/2025,3/14/2025,2025-03-14T03:02:55.000Z,2025-03-14T03:02:56.000Z,2025,3,14,5,false,false,false,60,true,0
daangn/seed-design,@seed-design/webpack-plugin@0.0.7,@seed-design/webpack-plugin@0.0.7,3/14/2025,3/14/2025,2025-03-13T15:54:56.000Z,2025-03-13T15:55:12.000Z,2025,3,14,5,false,false,false,85,true,0
daangn/seed-design,@seed-design/webpack-plugin@0.0.6,@seed-design/webpack-plugin@0.0.6,3/14/2025,3/14/2025,2025-03-13T15:42:09.000Z,2025-03-13T15:42:25.000Z,2025,3,14,5,false,false,false,190,true,0
daangn/seed-design,@seed-design/vite-plugin@0.0.7,@seed-design/vite-plugin@0.0.7,3/14/2025,3/14/2025,2025-03-13T15:54:56.000Z,2025-03-13T15:55:06.000Z,2025,3,14,5,false,false,false,85,true,0
daangn/seed-design,@seed-design/vite-plugin@0.0.6,@seed-design/vite-plugin@0.0.6,3/14/2025,3/14/2025,2025-03-13T15:42:09.000Z,2025-03-13T15:42:31.000Z,2025,3,14,5,false,false,false,190,true,0
daangn/seed-design,@seed-design/stackflow@0.0.7,@seed-design/stackflow@0.0.7,3/14/2025,3/14/2025,2025-03-13T15:54:56.000Z,2025-03-13T15:55:09.000Z,2025,3,14,5,false,false,false,85,true,0
daangn/seed-design,@seed-design/stackflow@0.0.6,@seed-design/stackflow@0.0.6,3/14/2025,3/14/2025,2025-03-13T15:42:09.000Z,2025-03-13T15:42:22.000Z,2025,3,14,5,false,false,false,190,true,0
daangn/seed-design,@seed-design/rsbuild-plugin@0.0.7,@seed-design/rsbuild-plugin@0.0.7,3/14/2025,3/14/2025,2025-03-13T15:54:56.000Z,2025-03-13T15:55:03.000Z,2025,3,14,5,false,false,false,85,true,0
daangn/seed-design,@seed-design/rsbuild-plugin@0.0.6,@seed-design/rsbuild-plugin@0.0.6,3/14/2025,3/14/2025,2025-03-13T15:42:09.000Z,2025-03-13T15:42:19.000Z,2025,3,14,5,false,false,false,190,true,0
daangn/seed-design,@seed-design/react@0.0.7,@seed-design/react@0.0.7,3/14/2025,3/14/2025,2025-03-13T15:54:56.000Z,2025-03-13T15:55:00.000Z,2025,3,14,5,false,false,false,85,true,0
daangn/seed-design,@seed-design/react@0.0.6,@seed-design/react@0.0.6,3/14/2025,3/14/2025,2025-03-13T15:42:09.000Z,2025-03-13T15:42:16.000Z,2025,3,14,5,false,false,false,235,true,0
daangn/seed-design,@seed-design/migration-index@0.0.3,@seed-design/migration-index@0.0.3,3/14/2025,3/14/2025,2025-03-13T15:42:09.000Z,2025-03-13T15:42:13.000Z,2025,3,14,5,false,false,false,57,true,0
daangn/seed-design,@seed-design/css@0.0.7,@seed-design/css@0.0.7,3/14/2025,3/14/2025,2025-03-13T15:54:56.000Z,2025-03-13T15:54:57.000Z,2025,3,14,5,false,false,false,72,true,0
daangn/seed-design,@seed-design/css@0.0.6,@seed-design/css@0.0.6,3/14/2025,3/14/2025,2025-03-13T15:42:09.000Z,2025-03-13T15:42:28.000Z,2025,3,14,5,false,false,false,221,true,0
daangn/seed-design,@seed-design/codemod@0.0.16,@seed-design/codemod@0.0.16,3/14/2025,3/14/2025,2025-03-13T17:07:14.000Z,2025-03-13T17:07:15.000Z,2025,3,14,5,false,false,false,67,true,0
daangn/seed-design,@seed-design/codemod@0.0.15,@seed-design/codemod@0.0.15,3/14/2025,3/14/2025,2025-03-13T15:42:09.000Z,2025-03-13T15:42:10.000Z,2025,3,14,5,false,false,false,397,true,0
daangn/seed-design,@seed-design/webpack-plugin@0.0.5,@seed-design/webpack-plugin@0.0.5,3/10/2025,3/10/2025,2025-03-10T05:24:01.000Z,2025-03-10T05:24:20.000Z,2025,3,10,1,false,false,false,120,true,0
daangn/seed-design,@seed-design/vite-plugin@0.0.5,@seed-design/vite-plugin@0.0.5,3/10/2025,3/10/2025,2025-03-10T05:24:01.000Z,2025-03-10T05:24:17.000Z,2025,3,10,1,false,false,false,120,true,0
daangn/seed-design,@seed-design/stackflow@0.0.5,@seed-design/stackflow@0.0.5,3/10/2025,3/10/2025,2025-03-10T05:24:01.000Z,2025-03-10T05:24:11.000Z,2025,3,10,1,false,false,false,120,true,0
daangn/seed-design,@seed-design/rsbuild-plugin@0.0.5,@seed-design/rsbuild-plugin@0.0.5,3/10/2025,3/10/2025,2025-03-10T05:24:01.000Z,2025-03-10T05:24:08.000Z,2025,3,10,1,false,false,false,120,true,0
daangn/seed-design,@seed-design/react@0.0.5,@seed-design/react@0.0.5,3/10/2025,3/10/2025,2025-03-10T05:24:01.000Z,2025-03-10T05:24:14.000Z,2025,3,10,1,false,false,false,175,true,0
daangn/seed-design,@seed-design/css@0.0.5,@seed-design/css@0.0.5,3/10/2025,3/10/2025,2025-03-10T05:24:01.000Z,2025-03-10T05:24:02.000Z,2025,3,10,1,false,false,false,127,true,0
daangn/seed-design,@seed-design/codemod@0.0.14,@seed-design/codemod@0.0.14,3/10/2025,3/10/2025,2025-03-10T05:24:01.000Z,2025-03-10T05:24:05.000Z,2025,3,10,1,false,false,false,65,true,0
daangn/seed-design,@seed-design/webpack-plugin@0.0.4,@seed-design/webpack-plugin@0.0.4,3/5/2025,3/5/2025,2025-03-05T01:12:09.000Z,2025-03-05T01:12:27.000Z,2025,3,5,3,false,false,false,120,true,0
daangn/seed-design,@seed-design/vite-plugin@0.0.4,@seed-design/vite-plugin@0.0.4,3/5/2025,3/5/2025,2025-03-05T01:12:09.000Z,2025-03-05T01:12:24.000Z,2025,3,5,3,false,false,false,120,true,0
daangn/seed-design,@seed-design/stackflow@0.0.4,@seed-design/stackflow@0.0.4,3/5/2025,3/5/2025,2025-03-05T01:12:09.000Z,2025-03-05T01:12:21.000Z,2025,3,5,3,false,false,false,120,true,0
daangn/seed-design,@seed-design/rsbuild-plugin@0.0.4,@seed-design/rsbuild-plugin@0.0.4,3/5/2025,3/5/2025,2025-03-05T01:12:09.000Z,2025-03-05T01:12:18.000Z,2025,3,5,3,false,false,false,120,true,0
daangn/seed-design,@seed-design/react@0.0.4,@seed-design/react@0.0.4,3/5/2025,3/5/2025,2025-03-05T01:12:09.000Z,2025-03-05T01:12:12.000Z,2025,3,5,3,false,false,false,197,true,0
daangn/seed-design,@seed-design/css@0.0.4,@seed-design/css@0.0.4,3/5/2025,3/5/2025,2025-03-05T01:12:09.000Z,2025-03-05T01:12:15.000Z,2025,3,5,3,false,false,false,143,true,0
daangn/seed-design,@seed-design/webpack-plugin@0.0.3,@seed-design/webpack-plugin@0.0.3,3/4/2025,3/4/2025,2025-03-04T03:38:26.000Z,2025-03-04T03:38:49.000Z,2025,3,4,2,false,false,false,317,true,0
daangn/seed-design,@seed-design/vite-plugin@0.0.3,@seed-design/vite-plugin@0.0.3,3/4/2025,3/4/2025,2025-03-04T03:38:26.000Z,2025-03-04T03:38:46.000Z,2025,3,4,2,false,false,false,336,true,0
daangn/seed-design,@seed-design/stackflow@0.0.3,@seed-design/stackflow@0.0.3,3/4/2025,3/4/2025,2025-03-04T03:38:26.000Z,2025-03-04T03:38:37.000Z,2025,3,4,2,false,false,false,120,true,0
daangn/seed-design,@seed-design/rsbuild-plugin@0.0.3,@seed-design/rsbuild-plugin@0.0.3,3/4/2025,3/4/2025,2025-03-04T03:38:26.000Z,2025-03-04T03:38:40.000Z,2025,3,4,2,false,false,false,158,true,0
daangn/seed-design,@seed-design/react@0.0.3,@seed-design/react@0.0.3,3/4/2025,3/4/2025,2025-03-04T03:38:26.000Z,2025-03-04T03:38:43.000Z,2025,3,4,2,false,false,false,120,true,0
daangn/seed-design,@seed-design/migration-index@0.0.2,@seed-design/migration-index@0.0.2,3/4/2025,3/4/2025,2025-03-04T03:38:26.000Z,2025-03-04T03:38:34.000Z,2025,3,4,2,false,false,false,54,true,0
daangn/seed-design,@seed-design/css@0.0.3,@seed-design/css@0.0.3,3/4/2025,3/4/2025,2025-03-04T03:38:26.000Z,2025-03-04T03:38:28.000Z,2025,3,4,2,false,false,false,184,true,0
daangn/seed-design,@seed-design/codemod@0.0.13,@seed-design/codemod@0.0.13,3/4/2025,3/4/2025,2025-03-04T03:38:26.000Z,2025-03-04T03:38:31.000Z,2025,3,4,2,false,false,false,97,true,0
daangn/seed-design,@seed-design/webpack-plugin@0.0.2,@seed-design/webpack-plugin@0.0.2,2/25/2025,2/25/2025,2025-02-25T09:37:12.000Z,2025-02-25T09:37:25.000Z,2025,2,25,2,false,false,false,85,true,0
daangn/seed-design,@seed-design/vite-plugin@0.0.2,@seed-design/vite-plugin@0.0.2,2/25/2025,2/25/2025,2025-02-25T09:37:12.000Z,2025-02-25T09:37:28.000Z,2025,2,25,2,false,false,false,85,true,0
daangn/seed-design,@seed-design/stylesheet@1.1.1,@seed-design/stylesheet@1.1.1,2/25/2025,2/25/2025,2025-02-25T09:37:12.000Z,2025-02-25T09:37:22.000Z,2025,2,25,2,false,false,false,79,true,0
daangn/seed-design,@seed-design/stackflow@0.0.2,@seed-design/stackflow@0.0.2,2/25/2025,2/25/2025,2025-02-25T09:37:12.000Z,2025-02-25T09:37:16.000Z,2025,2,25,2,false,false,false,85,true,0
daangn/seed-design,@seed-design/react@0.0.2,@seed-design/react@0.0.2,2/25/2025,2/25/2025,2025-02-25T09:37:12.000Z,2025-02-25T09:37:19.000Z,2025,2,25,2,false,false,false,85,true,0
daangn/seed-design,@seed-design/css@0.0.2,@seed-design/css@0.0.2,2/25/2025,2/25/2025,2025-02-25T09:37:12.000Z,2025-02-25T09:37:13.000Z,2025,2,25,2,false,false,false,77,true,0
daangn/seed-design,@seed-design/webpack-plugin@0.0.1,@seed-design/webpack-plugin@0.0.1,2/25/2025,2/25/2025,2025-02-24T21:16:01.000Z,2025-02-24T21:17:12.000Z,2025,2,25,2,false,false,false,150,true,0
daangn/seed-design,@seed-design/vite-plugin@0.0.1,@seed-design/vite-plugin@0.0.1,2/25/2025,2/25/2025,2025-02-24T21:16:01.000Z,2025-02-24T21:17:07.000Z,2025,2,25,2,false,false,false,150,true,0
daangn/seed-design,@seed-design/stylesheet@1.1.0,@seed-design/stylesheet@1.1.0,2/25/2025,2/25/2025,2025-02-24T21:16:01.000Z,2025-02-24T21:17:15.000Z,2025,2,25,2,false,false,false,187,true,0
daangn/seed-design,@seed-design/stackflow@0.0.1,@seed-design/stackflow@0.0.1,2/25/2025,2/25/2025,2025-02-24T21:16:01.000Z,2025-02-24T21:17:09.000Z,2025,2,25,2,false,false,false,230,true,0
daangn/seed-design,@seed-design/react@0.0.1,@seed-design/react@0.0.1,2/25/2025,2/25/2025,2025-02-24T21:16:01.000Z,2025-02-24T21:16:15.000Z,2025,2,25,2,false,false,false,784,true,0
daangn/seed-design,@seed-design/react-toggle@0.0.1,@seed-design/react-toggle@0.0.1,2/25/2025,2/25/2025,2025-02-24T21:16:01.000Z,2025-02-24T21:16:54.000Z,2025,2,25,2,false,false,false,199,true,0
daangn/seed-design,@seed-design/react-theming@2.1.5,@seed-design/react-theming@2.1.5,2/25/2025,2/25/2025,2025-02-24T21:16:01.000Z,2025-02-24T21:17:00.000Z,2025,2,25,2,false,false,false,131,true,0
daangn/seed-design,@seed-design/react-text-field@0.0.1,@seed-design/react-text-field@0.0.1,2/25/2025,2/25/2025,2025-02-24T21:16:01.000Z,2025-02-24T21:16:57.000Z,2025,2,25,2,false,false,false,199,true,0
daangn/seed-design,@seed-design/react-tabs@0.0.1,@seed-design/react-tabs@0.0.1,2/25/2025,2/25/2025,2025-02-24T21:16:01.000Z,2025-02-24T21:16:48.000Z,2025,2,25,2,false,false,false,156,true,0
daangn/seed-design,@seed-design/react-switch@0.0.1,@seed-design/react-switch@0.0.1,2/25/2025,2/25/2025,2025-02-24T21:16:01.000Z,2025-02-24T21:16:51.000Z,2025,2,25,2,false,false,false,199,true,0
daangn/seed-design,@seed-design/react-snackbar@0.0.1,@seed-design/react-snackbar@0.0.1,2/25/2025,2/25/2025,2025-02-24T21:16:01.000Z,2025-02-24T21:16:45.000Z,2025,2,25,2,false,false,false,199,true,0
daangn/seed-design,@seed-design/react-segmented-control@0.0.1,@seed-design/react-segmented-control@0.0.1,2/25/2025,2/25/2025,2025-02-24T21:16:01.000Z,2025-02-24T21:16:39.000Z,2025,2,25,2,false,false,false,156,true,0
daangn/seed-design,@seed-design/react-radio-group@0.0.1,@seed-design/react-radio-group@0.0.1,2/25/2025,2/25/2025,2025-02-24T21:16:01.000Z,2025-02-24T21:16:36.000Z,2025,2,25,2,false,false,false,199,true,0
daangn/seed-design,@seed-design/react-pull-to-refresh@0.0.1,@seed-design/react-pull-to-refresh@0.0.1,2/25/2025,2/25/2025,2025-02-24T21:16:01.000Z,2025-02-24T21:16:42.000Z,2025,2,25,2,false,false,false,199,true,0
daangn/seed-design,@seed-design/react-progress@0.0.1,@seed-design/react-progress@0.0.1,2/25/2025,2/25/2025,2025-02-24T21:16:01.000Z,2025-02-24T21:16:33.000Z,2025,2,25,2,false,false,false,199,true,0
daangn/seed-design,@seed-design/react-primitive@0.0.1,@seed-design/react-primitive@0.0.1,2/25/2025,2/25/2025,2025-02-24T21:16:01.000Z,2025-02-24T21:16:30.000Z,2025,2,25,2,false,false,false,84,true,0
daangn/seed-design,@seed-design/react-popover@0.0.1,@seed-design/react-popover@0.0.1,2/25/2025,2/25/2025,2025-02-24T21:16:01.000Z,2025-02-24T21:16:27.000Z,2025,2,25,2,false,false,false,156,true,0
daangn/seed-design,@seed-design/react-dialog@0.0.1,@seed-design/react-dialog@0.0.1,2/25/2025,2/25/2025,2025-02-24T21:16:01.000Z,2025-02-24T21:16:24.000Z,2025,2,25,2,false,false,false,156,true,0
daangn/seed-design,@seed-design/react-checkbox@0.0.1,@seed-design/react-checkbox@0.0.1,2/25/2025,2/25/2025,2025-02-24T21:16:01.000Z,2025-02-24T21:16:21.000Z,2025,2,25,2,false,false,false,199,true,0
daangn/seed-design,@seed-design/react-avatar@0.0.1,@seed-design/react-avatar@0.0.1,2/25/2025,2/25/2025,2025-02-24T21:16:01.000Z,2025-02-24T21:16:18.000Z,2025,2,25,2,false,false,false,199,true,0
daangn/seed-design,@seed-design/migration-index@0.0.1,@seed-design/migration-index@0.0.1,2/25/2025,2/25/2025,2025-02-24T21:16:01.000Z,2025-02-24T21:16:09.000Z,2025,2,25,2,false,false,false,1,true,0
daangn/seed-design,@seed-design/dom-utils@0.0.1,@seed-design/dom-utils@0.0.1,2/25/2025,2/25/2025,2025-02-24T21:16:01.000Z,2025-02-24T21:17:03.000Z,2025,2,25,2,false,false,false,84,true,0
daangn/seed-design,@seed-design/css@0.0.1,@seed-design/css@0.0.1,2/25/2025,2/25/2025,2025-02-24T21:16:01.000Z,2025-02-24T21:16:12.000Z,2025,2,25,2,false,false,false,84,true,0
daangn/seed-design,@seed-design/codemod@0.0.12,@seed-design/codemod@0.0.12,2/25/2025,2/25/2025,2025-02-24T21:16:01.000Z,2025-02-24T21:16:06.000Z,2025,2,25,2,false,false,false,58,true,0
daangn/seed-design,@seed-design/cli@0.0.1,@seed-design/cli@0.0.1,2/25/2025,2/25/2025,2025-02-24T21:16:01.000Z,2025-02-24T21:16:04.000Z,2025,2,25,2,false,false,false,84,true,0
daangn/seed-design,@seed-design/stackflow@0.0.1-rc.1,@seed-design/stackflow@0.0.1-rc.1,2/20/2025,2/20/2025,2025-02-20T06:47:16.000Z,2025-02-20T06:47:23.000Z,2025,2,20,4,false,false,true,90,true,0
daangn/seed-design,@seed-design/react@0.0.1-rc.2,@seed-design/react@0.0.1-rc.2,2/20/2025,2/20/2025,2025-02-20T06:47:16.000Z,2025-02-20T06:47:26.000Z,2025,2,20,4,false,false,true,90,true,0
daangn/seed-design,@seed-design/migration-index@0.0.1-rc.0,@seed-design/migration-index@0.0.1-rc.0,2/20/2025,2/20/2025,2025-02-20T02:57:58.000Z,2025-02-20T02:58:02.000Z,2025,2,20,4,false,false,true,74,true,0
daangn/seed-design,@seed-design/css@0.0.1-rc.1,@seed-design/css@0.0.1-rc.1,2/20/2025,2/20/2025,2025-02-20T06:47:16.000Z,2025-02-20T06:47:17.000Z,2025,2,20,4,false,false,true,64,true,0
daangn/seed-design,@seed-design/codemod@0.0.12-rc.3,@seed-design/codemod@0.0.12-rc.3,2/20/2025,2/20/2025,2025-02-20T06:47:16.000Z,2025-02-20T06:47:20.000Z,2025,2,20,4,false,false,true,64,true,0
daangn/seed-design,@seed-design/codemod@0.0.12-rc.2,@seed-design/codemod@0.0.12-rc.2,2/20/2025,2/20/2025,2025-02-20T03:38:16.000Z,2025-02-20T03:38:17.000Z,2025,2,20,4,false,false,true,43,true,0
daangn/seed-design,@seed-design/codemod@0.0.12-rc.1,@seed-design/codemod@0.0.12-rc.1,2/20/2025,2/20/2025,2025-02-20T03:25:03.000Z,2025-02-20T03:25:04.000Z,2025,2,20,4,false,false,true,47,true,0
daangn/seed-design,@seed-design/codemod@0.0.12-rc.0,@seed-design/codemod@0.0.12-rc.0,2/20/2025,2/20/2025,2025-02-20T02:57:58.000Z,2025-02-20T02:57:59.000Z,2025,2,20,4,false,false,true,157,true,0
daangn/seed-design,@seed-design/stackflow@0.0.1-rc.0,@seed-design/stackflow@0.0.1-rc.0,2/19/2025,2/19/2025,2025-02-18T17:13:38.000Z,2025-02-18T17:14:22.000Z,2025,2,19,3,false,false,true,207,true,0
daangn/seed-design,@seed-design/react@0.0.1-rc.1,@seed-design/react@0.0.1-rc.1,2/19/2025,2/19/2025,2025-02-18T17:29:02.000Z,2025-02-18T17:29:03.000Z,2025,2,19,3,false,false,true,84,true,0
daangn/seed-design,@seed-design/react@0.0.1-rc.0,@seed-design/react@0.0.1-rc.0,2/19/2025,2/19/2025,2025-02-18T17:13:38.000Z,2025-02-18T17:14:25.000Z,2025,2,19,3,false,false,true,826,true,0
daangn/seed-design,@seed-design/react-toggle@0.0.1-rc.0,@seed-design/react-toggle@0.0.1-rc.0,2/19/2025,2/19/2025,2025-02-18T17:13:38.000Z,2025-02-18T17:14:13.000Z,2025,2,19,3,false,false,true,171,true,0
daangn/seed-design,@seed-design/react-text-field@0.0.1-rc.0,@seed-design/react-text-field@0.0.1-rc.0,2/19/2025,2/19/2025,2025-02-18T17:13:38.000Z,2025-02-18T17:14:10.000Z,2025,2,19,3,false,false,true,171,true,0
daangn/seed-design,@seed-design/react-tabs@0.0.1-rc.0,@seed-design/react-tabs@0.0.1-rc.0,2/19/2025,2/19/2025,2025-02-18T17:13:38.000Z,2025-02-18T17:14:07.000Z,2025,2,19,3,false,false,true,123,true,0
daangn/seed-design,@seed-design/react-switch@0.0.1-rc.0,@seed-design/react-switch@0.0.1-rc.0,2/19/2025,2/19/2025,2025-02-18T17:13:38.000Z,2025-02-18T17:14:04.000Z,2025,2,19,3,false,false,true,171,true,0
daangn/seed-design,@seed-design/react-snackbar@0.0.1-rc.0,@seed-design/react-snackbar@0.0.1-rc.0,2/19/2025,2/19/2025,2025-02-18T17:13:38.000Z,2025-02-18T17:14:16.000Z,2025,2,19,3,false,false,true,171,true,0
daangn/seed-design,@seed-design/react-segmented-control@0.0.1-rc.0,@seed-design/react-segmented-control@0.0.1-rc.0,2/19/2025,2/19/2025,2025-02-18T17:13:38.000Z,2025-02-18T17:14:01.000Z,2025,2,19,3,false,false,true,123,true,0
daangn/seed-design,@seed-design/react-radio-group@0.0.1-rc.0,@seed-design/react-radio-group@0.0.1-rc.0,2/19/2025,2/19/2025,2025-02-18T17:13:38.000Z,2025-02-18T17:13:58.000Z,2025,2,19,3,false,false,true,171,true,0
daangn/seed-design,@seed-design/react-pull-to-refresh@0.0.1-rc.0,@seed-design/react-pull-to-refresh@0.0.1-rc.0,2/19/2025,2/19/2025,2025-02-18T17:13:38.000Z,2025-02-18T17:13:56.000Z,2025,2,19,3,false,false,true,171,true,0
daangn/seed-design,@seed-design/react-progress@0.0.1-rc.0,@seed-design/react-progress@0.0.1-rc.0,2/19/2025,2/19/2025,2025-02-18T17:13:38.000Z,2025-02-18T17:13:52.000Z,2025,2,19,3,false,false,true,171,true,0
daangn/seed-design,@seed-design/react-popover@0.0.1-rc.0,@seed-design/react-popover@0.0.1-rc.0,2/19/2025,2/19/2025,2025-02-18T17:13:38.000Z,2025-02-18T17:13:49.000Z,2025,2,19,3,false,false,true,123,true,0
daangn/seed-design,@seed-design/react-dialog@0.0.1-rc.0,@seed-design/react-dialog@0.0.1-rc.0,2/19/2025,2/19/2025,2025-02-18T17:13:38.000Z,2025-02-18T17:13:43.000Z,2025,2,19,3,false,false,true,123,true,0
daangn/seed-design,@seed-design/react-checkbox@0.0.1-rc.0,@seed-design/react-checkbox@0.0.1-rc.0,2/19/2025,2/19/2025,2025-02-18T17:13:38.000Z,2025-02-18T17:13:40.000Z,2025,2,19,3,false,false,true,171,true,0
daangn/seed-design,@seed-design/react-avatar@0.0.1-rc.0,@seed-design/react-avatar@0.0.1-rc.0,2/19/2025,2/19/2025,2025-02-18T17:13:38.000Z,2025-02-18T17:14:19.000Z,2025,2,19,3,false,false,true,171,true,0
daangn/seed-design,@seed-design/css@0.0.1-rc.0,@seed-design/css@0.0.1-rc.0,2/19/2025,2/19/2025,2025-02-18T17:13:38.000Z,2025-02-18T17:13:46.000Z,2025,2,19,3,false,false,true,56,true,0
daangn/seed-design,@seed-design/stylesheet@1.0.4,@seed-design/stylesheet@1.0.4,1/29/2024,1/29/2024,2024-01-29T04:00:35.000Z,2024-01-29T04:00:36.000Z,2024,1,29,1,false,false,false,50,true,0
daangn/seed-design,@seed-design/react-theming@2.1.4,@seed-design/react-theming@2.1.4,7/31/2023,7/31/2023,2023-07-31T06:36:19.000Z,2023-07-31T06:36:20.000Z,2023,7,31,1,false,false,false,75,true,0
daangn/seed-design,gatsby-plugin-seed-design@0.2.7,gatsby-plugin-seed-design@0.2.7,7/17/2023,7/17/2023,2023-07-17T08:03:26.000Z,2023-07-17T08:03:28.000Z,2023,7,17,1,false,false,false,52,true,0
daangn/seed-design,@seed-design/icon-deprecated@0.2.1,@seed-design/icon-deprecated@0.2.1,7/5/2023,7/5/2023,2023-07-05T08:43:30.000Z,2023-07-05T08:43:32.000Z,2023,7,5,3,false,false,false,65,true,0
daangn/seed-design,@seed-design/design-token@1.0.3,@seed-design/design-token@1.0.3,5/23/2023,5/23/2023,2023-05-23T08:09:36.000Z,2023-05-23T08:09:37.000Z,2023,5,23,2,false,false,false,62,true,0
daangn/seed-design,gatsby-plugin-seed-design@0.2.6,gatsby-plugin-seed-design@0.2.6,4/25/2023,4/25/2023,2023-04-25T06:45:39.000Z,2023-04-25T06:45:41.000Z,2023,4,25,2,false,false,false,95,true,0
daangn/seed-design,@seed-design/icon@0.2.1,@seed-design/icon@0.2.1,4/19/2023,4/19/2023,2023-04-19T08:21:31.000Z,2023-04-19T08:21:33.000Z,2023,4,19,3,false,false,false,65,true,0
daangn/seed-design,@seed-design/icon@0.2.0,@seed-design/icon@0.2.0,4/19/2023,4/19/2023,2023-04-19T06:19:39.000Z,2023-04-19T06:19:40.000Z,2023,4,19,3,false,false,false,64,true,0
daangn/seed-design,@seed-design/design-token@1.0.1,@seed-design/design-token@1.0.1,4/14/2023,4/14/2023,2023-04-14T10:53:22.000Z,2023-04-14T10:53:23.000Z,2023,4,14,5,false,false,false,71,true,0
daangn/seed-design,@seed-design/icon@0.1.13,@seed-design/icon@0.1.13,3/11/2023,3/11/2023,2023-03-11T00:30:51.000Z,2023-03-11T00:30:52.000Z,2023,3,11,6,true,false,false,78,true,0
daangn/seed-design,@seed-design/icon@0.1.12,@seed-design/icon@0.1.12,3/11/2023,3/11/2023,2023-03-10T16:15:34.000Z,2023-03-10T16:15:35.000Z,2023,3,11,6,true,false,false,80,true,0
daangn/seed-design,@seed-design/icon@0.1.11,@seed-design/icon@0.1.11,3/10/2023,3/10/2023,2023-03-10T14:35:59.000Z,2023-03-10T14:36:00.000Z,2023,3,10,5,false,false,false,62,true,0
daangn/seed-design,@seed-design/icon@0.1.10,@seed-design/icon@0.1.10,3/9/2023,3/9/2023,2023-03-09T02:38:09.000Z,2023-03-09T02:38:20.000Z,2023,3,9,4,false,false,false,60,true,0
daangn/seed-design,@seed-design/icon@0.1.8,@seed-design/icon@0.1.8,2/23/2023,2/23/2023,2023-02-23T06:01:46.000Z,2023-02-23T06:01:48.000Z,2023,2,23,4,false,false,false,108,true,0
daangn/seed-design,@seed-design/icon@0.1.7,@seed-design/icon@0.1.7,2/21/2023,2/21/2023,2023-02-21T04:33:19.000Z,2023-02-21T04:33:20.000Z,2023,2,21,2,false,false,false,114,true,0
daangn/seed-design,@seed-design/icon@0.1.6,@seed-design/icon@0.1.6,2/20/2023,2/20/2023,2023-02-20T09:43:47.000Z,2023-02-20T09:43:48.000Z,2023,2,20,1,false,false,false,64,true,0
daangn/seed-design,@seed-design/icon@0.1.5,@seed-design/icon@0.1.5,2/20/2023,2/20/2023,2023-02-20T09:25:39.000Z,2023-02-20T09:25:40.000Z,2023,2,20,1,false,false,false,55,true,0
daangn/seed-design,@seed-design/icon@0.1.4,@seed-design/icon@0.1.4,2/20/2023,2/20/2023,2023-02-20T06:50:44.000Z,2023-02-20T06:52:05.000Z,2023,2,20,1,false,false,false,46,true,0
daangn/seed-design,@seed-design/icon@0.1.2,@seed-design/icon@0.1.2,2/17/2023,2/17/2023,2023-02-17T09:52:09.000Z,2023-02-17T09:53:33.000Z,2023,2,17,5,false,false,false,58,true,0
daangn/seed-design,@seed-design/icon@0.1.1,@seed-design/icon@0.1.1,2/17/2023,2/17/2023,2023-02-17T08:24:23.000Z,2023-02-17T08:26:01.000Z,2023,2,17,5,false,false,false,1236,true,0
daangn/seed-design,@seed-design/icon@0.1.0,@seed-design/icon@0.1.0,2/14/2023,2/14/2023,2023-02-14T12:25:12.000Z,2023-02-14T12:27:10.000Z,2023,2,14,2,false,false,false,334,true,0
daangn/seed-design,@seed-design/icon@0.0.8,@seed-design/icon@0.0.8,2/13/2023,2/13/2023,2023-02-13T09:24:10.000Z,2023-02-13T09:26:05.000Z,2023,2,13,1,false,false,false,91,true,0
daangn/seed-design,@seed-design/icon@0.0.7,@seed-design/icon@0.0.7,2/13/2023,2/13/2023,2023-02-13T05:29:37.000Z,2023-02-13T05:31:33.000Z,2023,2,13,1,false,false,false,49,true,0
daangn/seed-design,@seed-design/icon@0.0.6,@seed-design/icon@0.0.6,2/9/2023,2/9/2023,2023-02-09T05:15:33.000Z,2023-02-09T05:16:48.000Z,2023,2,9,4,false,false,false,46,true,0
daangn/seed-design,@seed-design/icon@0.0.5,@seed-design/icon@0.0.5,2/9/2023,2/9/2023,2023-02-09T05:03:52.000Z,2023-02-09T05:05:18.000Z,2023,2,9,4,false,false,false,47,true,0
daangn/seed-design,@seed-design/icon@0.0.4,@seed-design/icon@0.0.4,2/9/2023,2/9/2023,2023-02-09T04:14:17.000Z,2023-02-09T04:15:50.000Z,2023,2,9,4,false,false,false,95,true,0
daangn/seed-design,@seed-design/icon@0.0.3,@seed-design/icon@0.0.3,2/9/2023,2/9/2023,2023-02-09T03:49:07.000Z,2023-02-09T03:50:51.000Z,2023,2,9,4,false,false,false,50,true,0
daangn/seed-design,@seed-design/icon@0.0.2,@seed-design/icon@0.0.2,2/9/2023,2/9/2023,2023-02-09T01:55:04.000Z,2023-02-09T01:56:25.000Z,2023,2,9,4,false,false,false,79,true,0
daangn/seed-design,@seed-design/icon@0.0.1,@seed-design/icon@0.0.1,2/9/2023,2/9/2023,2023-02-08T15:03:38.000Z,2023-02-08T15:05:14.000Z,2023,2,9,4,false,false,false,45,true,0
daangn/seed-design,gatsby-plugin-seed-design@0.2.5,gatsby-plugin-seed-design@0.2.5,1/18/2023,1/18/2023,2023-01-18T05:11:38.000Z,2023-01-18T05:12:49.000Z,2023,1,18,3,false,false,false,93,true,0
daangn/seed-design,@seed-design/stylesheet@1.0.3,@seed-design/stylesheet@1.0.3,1/18/2023,1/18/2023,2023-01-18T05:11:38.000Z,2023-01-18T05:12:49.000Z,2023,1,18,3,false,false,false,53,true,0
daangn/seed-design,gatsby-plugin-seed-design@0.2.4,gatsby-plugin-seed-design@0.2.4,12/9/2022,12/9/2022,2022-12-09T07:08:13.000Z,2022-12-09T07:10:39.000Z,2022,12,9,5,false,false,false,93,true,0
daangn/seed-design,@seed-design/stylesheet@1.0.2,@seed-design/stylesheet@1.0.2,12/9/2022,12/9/2022,2022-12-09T07:08:13.000Z,2022-12-09T07:10:39.000Z,2022,12,9,5,false,false,false,77,true,0
daangn/seed-design,gatsby-plugin-seed-design@0.2.3,gatsby-plugin-seed-design@0.2.3,12/8/2022,12/8/2022,2022-12-08T09:55:22.000Z,2022-12-08T09:58:03.000Z,2022,12,8,4,false,false,false,93,true,0
daangn/seed-design,gatsby-plugin-seed-design@0.2.2,gatsby-plugin-seed-design@0.2.2,12/8/2022,12/8/2022,2022-12-08T08:56:01.000Z,2022-12-08T08:58:25.000Z,2022,12,8,4,false,false,false,96,true,0
daangn/seed-design,@seed-design/react-theming@2.1.2,@seed-design/react-theming@2.1.2,12/8/2022,12/8/2022,2022-12-08T08:56:01.000Z,2022-12-08T08:58:25.000Z,2022,12,8,4,false,false,false,77,true,0
daangn/seed-design,gatsby-plugin-seed-design@0.2.1,gatsby-plugin-seed-design@0.2.1,11/29/2022,11/29/2022,2022-11-29T07:33:43.000Z,2022-11-29T07:35:55.000Z,2022,11,29,2,false,false,false,206,true,0
daangn/seed-design,@seed-design/react-theming@2.1.1,@seed-design/react-theming@2.1.1,11/29/2022,11/29/2022,2022-11-29T07:33:43.000Z,2022-11-29T07:35:55.000Z,2022,11,29,2,false,false,false,122,true,0
daangn/seed-design,gatsby-plugin-seed-design@0.2.0,gatsby-plugin-seed-design@0.2.0,11/25/2022,11/25/2022,2022-11-25T08:33:54.000Z,2022-11-25T08:36:23.000Z,2022,11,25,5,false,false,false,57,true,0
daangn/seed-design,gatsby-plugin-seed-design@0.0.4,gatsby-plugin-seed-design@0.0.4,11/25/2022,11/25/2022,2022-11-25T05:33:15.000Z,2022-11-25T05:33:23.000Z,2022,11,25,5,false,false,false,96,true,0
daangn/seed-design,@seed-design/react-theming@2.1.0,@seed-design/react-theming@2.1.0,11/25/2022,11/25/2022,2022-11-25T08:33:54.000Z,2022-11-25T08:36:23.000Z,2022,11,25,5,false,false,false,140,true,0
daangn/seed-design,@seed-design/react-theming@2.0.4,@seed-design/react-theming@2.0.4,11/25/2022,11/25/2022,2022-11-25T05:33:15.000Z,2022-11-25T05:33:23.000Z,2022,11,25,5,false,false,false,80,true,0
daangn/seed-design,gatsby-plugin-seed-design@0.0.3,gatsby-plugin-seed-design@0.0.3,11/24/2022,11/24/2022,2022-11-24T09:08:22.000Z,2022-11-24T09:10:45.000Z,2022,11,24,4,false,false,false,96,true,0
daangn/seed-design,gatsby-plugin-seed-design@0.0.2,gatsby-plugin-seed-design@0.0.2,11/24/2022,11/24/2022,2022-11-24T06:30:36.000Z,2022-11-24T06:33:05.000Z,2022,11,24,4,false,false,false,298,true,0
daangn/seed-design,@seed-design/react-theming@2.0.3,@seed-design/react-theming@2.0.3,11/24/2022,11/24/2022,2022-11-24T09:08:22.000Z,2022-11-24T09:10:45.000Z,2022,11,24,4,false,false,false,113,true,0
daangn/seed-design,@seed-design/react-theming@2.0.2,@seed-design/react-theming@2.0.2,11/24/2022,11/24/2022,2022-11-24T06:30:36.000Z,2022-11-24T06:33:05.000Z,2022,11,24,4,false,false,false,178,true,0
daangn/seed-design,@seed-design/react-theming@2.0.1,@seed-design/react-theming@2.0.1,11/18/2022,11/18/2022,2022-11-18T09:32:46.000Z,2022-11-18T09:36:23.000Z,2022,11,18,5,false,false,false,44,true,0
daangn/seed-design,@seed-design/react-theming@2.0.0,@seed-design/react-theming@2.0.0,11/18/2022,11/18/2022,2022-11-18T07:54:20.000Z,2022-11-18T07:58:05.000Z,2022,11,18,5,false,false,false,85,true,0
daangn/seed-design,@seed-design/stylesheet@1.0.1,@seed-design/stylesheet@1.0.1,10/7/2022,10/7/2022,2022-10-07T02:05:59.000Z,2022-10-07T02:07:26.000Z,2022,10,7,5,false,false,false,59,true,0
daangn/seed-design,@karrotmarket/design-token@1.1.2,@karrotmarket/design-token@1.1.2,3/10/2022,3/10/2022,2022-03-10T03:06:36.000Z,2022-03-10T03:08:12.000Z,2022,3,10,4,false,false,false,76,true,0
daangn/seed-design,@karrotmarket/styled-components-theme@0.2.0,@karrotmarket/styled-components-theme@0.2.0,10/15/2021,10/15/2021,2021-10-15T11:46:41.000Z,2021-10-15T11:46:42.000Z,2021,10,15,5,false,false,false,174,true,0
daangn/seed-design,@karrotmarket/react-theming@0.2.0,@karrotmarket/react-theming@0.2.0,10/15/2021,10/15/2021,2021-10-15T11:46:41.000Z,2021-10-15T11:46:42.000Z,2021,10,15,5,false,false,false,132,true,0
daangn/seed-design,@karrotmarket/react-emotion-theme@0.4.0,@karrotmarket/react-emotion-theme@0.4.0,10/15/2021,10/15/2021,2021-10-15T11:46:41.000Z,2021-10-15T11:46:42.000Z,2021,10,15,5,false,false,false,174,true,0
daangn/seed-design,@karrotmarket/design-token@0.2.0,@karrotmarket/design-token@0.2.0,10/15/2021,10/15/2021,2021-10-15T11:46:41.000Z,2021-10-15T11:46:42.000Z,2021,10,15,5,false,false,false,34,true,0
